Date,-3.0%,-2.0%,-1.0%,0.0%,1.0%,2.0%,3.0%,4.0%,5.0%,6.0%
03-Sep-2019,0.000529798786140725,0.00296726911428714,0.00593453822857427,0.0415417676000199,0.612246527247912,0.335800900215351,0.000979198807714755,0,0,0
04-Sep-2019,0.000543155039915407,0.00197619730193443,0.00691669055677051,0.0345834527838526,0.563216231051313,0.391786055601756,0.000978217664457544,0,0,0
05-Sep-2019,0.000510975411500608,0.0019772383139155,0.00593171494174649,0.0326244321796057,0.528911248972396,0.429065657215448,0.000978732965388171,0,0,0
06-Sep-2019,0.000519551170878777,0.00198902571421574,0.0059670771426472,0.029835385713236,0.498250941411042,0.462453451119444,0.000984567728536789,0,0,0
09-Sep-2019,0.000335406528802998,0.00395126297450559,0.00395126297450559,0.0276588408215392,0.461309952273528,0.501815336840928,0.000977937586190134,0,0,0
10-Sep-2019,0.00031536547861687,0.00297231790401751,0.00594463580803502,0.0247693158668126,0.437921504525247,0.526105222874273,0.00197163754299828,0,0,0
11-Sep-2019,0.000318386613299324,0.00394937896339913,0.00394937896339913,0.0276456527437939,0.465039372940248,0.49812035848242,0.000977471293441285,0,0,0
12-Sep-2019,0.000309286940457697,0.0039513662144953,0.0039513662144953,0.0286474050550909,0.471200421078564,0.490962191358809,0.000977963138087586,0,0,0
13-Sep-2019,0.000296672456800922,0.00397498328537696,0.00397498328537696,0.0278248829976387,0.457123077818351,0.504827845971981,0.00197755418447504,0,0,0
16-Sep-2019,0.000298620750117298,0.0019766808125594,0.00494170203139849,0.0187784677193142,0.289583739039951,0.678500630613044,0.00592015903361539,0,0,0
17-Sep-2019,0.000298644415948698,0.00297089541478873,0.00495149235798122,0.0217865663751174,0.387206702394132,0.579824706611959,0.00296099243007277,0,0,0
18-Sep-2019,0.000293326243349403,0.00296357197542473,0.00493928662570789,0.0237085758033979,0.411936504584038,0.554192898691051,0.00196583607703174,0,0,0
19-Sep-2019,0.00029621410385196,0.00296356341453114,0.00395141788604152,0.0227206528447388,0.360566882101289,0.606547584779731,0.00295368486981604,0,0,0
20-Sep-2019,0.000305522338341842,0.00297973008607591,0.00496621681012652,0.0218513539645567,0.380412207655691,0.586515171492752,0.00296979765245566,0,0,0
23-Sep-2019,0.000311583448416571,0.00296351785300792,0.00493919642167987,0.0217324642553914,0.383281642322358,0.583817956238982,0.00295363946016456,0,0,0
24-Sep-2019,0.000322732841418182,0.00297229599896505,0.00495382666494176,0.0247691333247088,0.420084501187061,0.544925886970258,0.00197162301264682,0,0,0
25-Sep-2019,0.000309441600396475,0.00296352420239113,0.00592704840478226,0.023708193619129,0.436625899152293,0.528500088633422,0.00196580438758612,0,0,0
26-Sep-2019,0.000314242353543287,0.00296350997083915,0.00493918328473192,0.0237080797667132,0.408964375975803,0.557144813701046,0.00196579494732331,0,0,0
27-Sep-2019,0.000322888002865809,0.00397290443369171,0.00397290443369171,0.027810331035842,0.459863688199815,0.502080763938332,0.00197651995576163,0,0,0
30-Sep-2019,0.000487965385394098,0.0019772838334801,0.0059318515004403,0.0306478994189415,0.511127870954605,0.448848373409566,0.000978755497572649,0,0,0
01-Oct-2019,0.000513213024234897,0.00198311854121452,0.00594935562364356,0.0317298966594323,0.519577057798204,0.439265714675369,0.000981643677901188,0,0,0
02-Oct-2019,0.000542932041195258,0.00197815341581859,0.00692353695536507,0.0336286080689161,0.54893757288966,0.407010010688215,0.000979185940830204,0,0,0
03-Oct-2019,0.000587070770194106,0.0019770877783368,0.00691980722417879,0.0365761238992308,0.572366911828503,0.38059434004928,0.000978658450276715,0,0,0
04-Oct-2019,0.000593711657187931,0.00198788912593859,0.00695761194078507,0.0347880597039254,0.553627121573898,0.401061600880926,0.000984005117339603,0,0,0
07-Oct-2019,0.000567194445326977,0.00197127758135824,0.00689947153475383,0.0325260800924109,0.545058251245553,0.412001942697825,0.000975782402772328,0,0,0
08-Oct-2019,0.000581465092888207,0.00197709886776317,0.00691984603717108,0.0336106807519739,0.549633485238161,0.4062987600725,0.000978663939542768,0,0,0
09-Oct-2019,0.000574497055935151,0.001971263177716,0.00689942112200597,0.0344971056100299,0.561810005649058,0.393271932112285,0.000975775272969417,0,0,0
10-Oct-2019,0.000375644460585911,0.00393942573328702,0.00393942573328702,0.0285608365663309,0.46583709296119,0.496372566676331,0.000975007868988537,0,0,0
11-Oct-2019,0.000541036135197982,0.00197815716824883,0.00494539292062208,0.0257160431872348,0.431238262678246,0.533612841528043,0.00196826638240759,0,0,0
15-Oct-2019,0.000555211396867087,0.000991517605348373,0.00694062323743861,0.0247879401337093,0.446182922406768,0.518568665185226,0.00197312003464326,0,0,0
16-Oct-2019,0.000573615208670191,0.000988557198394977,0.00593134319036986,0.0257024871582694,0.42507959530984,0.539757173109649,0.001967228824806,0,0,0
17-Oct-2019,0.000573159919322166,0.00098806898707426,0.0049403449353713,0.022725586702708,0.372502008126996,0.595316505057177,0.00295432627135204,0,0,0
18-Oct-2019,0.000584585377123721,0.000993953639374514,0.00596372183624708,0.0218669800662393,0.377702382962315,0.589916454736971,0.00297192138172979,0,0,0
21-Oct-2019,0.000568251532714589,0.000988562503738679,0.00593137502243207,0.0227369375859896,0.394436438991733,0.573371194980952,0.00196723938243997,0,0,0
22-Oct-2019,0.000571710372780767,0.000991501237235522,0.00594900742341313,0.0237960296936525,0.407507008503799,0.55921165530702,0.00197308746209869,0,0,0
23-Oct-2019,0.000573385901967585,0.000988557425207872,0.00494278712603936,0.0217482633545732,0.351926443374002,0.616864776116838,0.00295578670137154,0,0,0
24-Oct-2019,0.000570584794687076,0.000988560195851921,0.0049428009792596,0.0207597641128903,0.341053267568913,0.627740667166949,0.00394435518144917,0,0,0
25-Oct-2019,0.000559826872094275,0.000993978262575056,0.00496989131287528,0.0198795652515011,0.328012826649768,0.641617938383511,0.00396597326767447,0,0,0
28-Oct-2019,0.000551301087801149,0.000988579269840305,0.00494289634920152,0.0197715853968061,0.32425400050762,0.645547206102068,0.00394443128666282,0,0,0
29-Oct-2019,0.000554601369614036,0.000991518210537142,0.00495759105268571,0.02082188242128,0.344056819056388,0.624661430229452,0.00395615766004319,0,0,0
30-Oct-2019,0.000565871239309886,0.000988564858145382,0.00494282429072691,0.0227369917373438,0.359837608364919,0.6079723305837,0.00295580892585469,0,0,0
31-Oct-2019,0.000603610299162682,0.000988527529513833,0.005931165177083,0.0257017157673596,0.42803242027949,0.536775391163659,0.00196716978373253,0,0,0
01-Nov-2019,0.00059513738064928,0.000993943145037371,0.00496971572518685,0.0218667491908222,0.34788010076308,0.620722463791563,0.00297189000366174,0,0,0
04-Nov-2019,0.000579492630783275,0.000988551384892326,0.0039542055395693,0.0197710276978465,0.295576864082805,0.674196987253491,0.0049328714106127,0,0,0
05-Nov-2019,0.000569031127337721,5.50395226745102e-19,0.00594902337138178,0.016855566218915,0.265723043921719,0.702981219237756,0.00792211612289007,0,0,0
06-Nov-2019,0.000575128954621223,0.000985630965680678,0.00394252386272271,0.0197126193136136,0.293718027772842,0.675162139646093,0.00590392948442726,0,0,0
07-Nov-2019,0.000553526218195804,0.000986138534261939,0.00394455413704776,0.0197227706852388,0.285980174935962,0.682905865669064,0.00590696982022902,0,0,0
08-Nov-2019,0.000555948915663578,0.000988574672559544,0.00395429869023818,0.0197714934511909,0.28075520700691,0.688052914974806,0.00592156228863167,0,0,0
12-Nov-2019,0.000563487291374922,0.000991017816358659,0.00495508908179329,0.0198203563271732,0.329017915031075,0.640697973364954,0.00395416108727105,0,0,0
13-Nov-2019,0.000572069437824293,5.48760330151781e-19,0.00593135236412945,0.0177940570923884,0.272842208749955,0.695950286851492,0.00691002550421081,0,0,0
14-Nov-2019,0.000585371723796808,0.000988545569736946,0.00395418227894778,0.0197709113947389,0.296563670921084,0.673204475718709,0.00493284239298736,0,0,0
15-Nov-2019,0.00058045192935397,0.000993957750233115,0.00397583100093246,0.0198791550046623,0.286259832067137,0.682356965323785,0.00595380692389636,0,0,0
18-Nov-2019,0.000583149730132521,5.49025773689112e-19,0.0059342214475274,0.0187917012505034,0.289787814020922,0.678978782472467,0.00592433107844819,0,0,0
19-Nov-2019,0.000582146412434114,0.000991490883970224,0.00495745441985112,0.0198298176794045,0.322234537290323,0.647448504686976,0.00395604862704119,0,0,0
20-Nov-2019,0.000588362991276209,5.48751383778062e-19,0.00593125566600462,0.0177937669980139,0.286677357190223,0.683087886914587,0.00592137023989461,0,0,0
21-Nov-2019,0.000575646522917264,5.4713481259837e-19,0.00591378273153467,0.0167557177393482,0.252321396545479,0.715572638667971,0.00886081779274945,0,0,0
22-Nov-2019,0.000572215255474799,5.51761937191874e-19,0.00596379565136291,0.0178913869540887,0.269364770253225,0.699260009952011,0.00694782193383779,0,0,0
25-Nov-2019,0.000569217856409672,5.48761895882246e-19,0.00593136928754498,0.0168055463147108,0.258014564008207,0.710780695765214,0.00789860676791407,0,0,0
26-Nov-2019,0.000571115569554118,5.47407219063792e-19,0.00493060589559123,0.0177501812241284,0.234696840630142,0.731213784922074,0.0108374717585095,0,0,0
27-Nov-2019,0.000553620126945102,5.48770460196799e-19,0.00593146185613018,0.0177943855683905,0.271858668405967,0.696951710980176,0.00691015306239166,0,0,0
29-Nov-2019,0.000557983544476457,0.000993980095828944,0.00496990047914472,0.0218675621082368,0.353856914115104,0.614781659170681,0.00297200048652854,0,0,0
02-Dec-2019,0.00037289835492965,0.00296333608855302,0.00395111478473736,0.0207433526198711,0.34374698627215,0.624281074881983,0.00394123699777551,0,0,0
03-Dec-2019,0.000388682783295359,0.0029706278403064,0.00396083712040854,0.0227748134423491,0.375289317158709,0.591654995907426,0.00296072574750538,0,0,0
04-Dec-2019,0.00038352133912357,0.00296330459733757,0.00296330459733757,0.020743132181363,0.302257068928432,0.665760705042835,0.00492896331357148,0,0,0
05-Dec-2019,0.000382604627178342,0.00296184394601303,0.00296184394601303,0.0197456263067535,0.299146238547316,0.669875308863191,0.00492653376353501,0,0,0
06-Dec-2019,0.000380675667435824,0.00198633738733439,0.00496584346833598,0.0168838677923423,0.264182872515474,0.703664985306676,0.00793541786240089,0,0,0
09-Dec-2019,0.000379403156846113,0.00197554453696541,0.00493886134241352,0.0158043562957233,0.251881928463089,0.716139833511303,0.00888007269365951,0,0,0
10-Dec-2019,0.00037441986632095,0.00198044681773298,0.00396089363546597,0.0168337979507304,0.232702501083626,0.733265385382681,0.0108825552634427,0,0,0
11-Dec-2019,0.000381380448145859,0.00197554062925579,0.00395108125851157,0.0167920953486742,0.231138253622927,0.734906052934725,0.0108555957577605,0,0,0
12-Dec-2019,0.000371115638881496,0.0019745853250853,0.00394917065017059,0.016783975263225,0.228064605047352,0.7370189090514,0.0118376390238864,0,0,0
13-Dec-2019,0.000385577735171137,0.00198632764646586,0.00397265529293172,0.0168837849949598,0.222468696404177,0.741401759862499,0.0129011980637958,0,0,0
16-Dec-2019,0.000377700309863728,0.00197554790229228,0.00395109580458455,0.0158043832183382,0.209408077642981,0.753676463594259,0.0148067315276806,0,0,0
17-Dec-2019,0.000380873302978173,0.00198141542167607,0.00396283084335213,0.0148606156625705,0.189225172770064,0.769784844859706,0.0198042471396523,0,0,0
18-Dec-2019,0.000380923209888664,0.00197554153289317,0.00395108306578634,0.0138287907302522,0.185700904091958,0.773429448981508,0.0207333083877138,0,0,0
19-Dec-2019,0.000382220044995196,0.00197553896996528,0.00296330845494791,0.0158043117597222,0.172859659871962,0.781330601468692,0.0246843594297161,0,0,0
20-Dec-2019,0.000379441090956072,0.00197554446199644,0.00296331669299466,0.0167921279269697,0.190640040582656,0.767503962346772,0.0197455668976544,0,0,0
23-Dec-2019,0.000376193112785833,0.00197555088095735,0.00296332632143602,0.0167921824881374,0.190640660012384,0.76849423156961,0.01875785561469,0,0,0
24-Dec-2019,0.000381037479406057,0.00197554130706297,0.00296331196059445,0.0167921011100352,0.184713112210387,0.772441589914888,0.0207333060176258,0,0,0
26-Dec-2019,0.000379327299998729,0.00197554468688087,0.0029633170303213,0.0158043574950469,0.176811249475838,0.778369545492779,0.023696658519136,0,0,0
27-Dec-2019,0.000386461494002121,0.00196969155218695,0.00295453732828043,0.0177272239696826,0.198938846770882,0.761290709149138,0.0167325297358282,0,0,0
30-Dec-2019,0.000386834888107574,0.00197455427456312,0.00394910854912624,0.015796434196505,0.214239138790098,0.749841922151031,0.013812007150569,0,0,0
31-Dec-2019,0.000389743553430957,0.00197552410129807,0.00395104820259614,0.0167919548610336,0.229160795750576,0.735887666543783,0.0118432669872819,0,0,0
02-Jan-2020,0.000393855829389403,0.00197551597423033,0.00395103194846066,0.0158041277938426,0.2084169352813,0.754652040945921,0.0148064922268563,0,0,0
03-Jan-2020,0.00040643552676137,0.00198529995575596,0.00397059991151193,0.0138970996902917,0.182647595929549,0.775264595972594,0.0218283730135368,0,0,0
06-Jan-2020,0.000401407574555435,0.00197550104975903,0.00395100209951806,0.0148162578731927,0.198537855500782,0.76254834395961,0.0177696319425825,0,0,0
07-Jan-2020,0.00040328715755013,0.00198038962618428,0.00396077925236856,0.0178235066356585,0.247548703273035,0.719381482685505,0.00890185136969834,0,0,0
08-Jan-2020,0.000394131515085115,0.00197551542939425,0.00493878857348561,0.0177796388645482,0.269657856112315,0.698349643079439,0.00690442642573289,0,0,0
09-Jan-2020,0.000395199050647226,0.00197453775267898,0.00493634438169745,0.0177708397741108,0.283346167509434,0.685663170962158,0.00591374056927355,0,0,0
10-Jan-2020,0.000397832280096896,0.00297945494330296,0.00297945494330296,0.019863032955353,0.293972887739225,0.673858358768591,0.00594897837012824,0,0,0
13-Jan-2020,0.000392888478680927,0.00295451833217302,0.00295451833217302,0.0206816283252112,0.303330548769764,0.66477154893615,0.00491434882584779,0,0,0
14-Jan-2020,0.000395987536362934,0.00296326764202482,0.00296326764202482,0.0207428734941738,0.309167590651257,0.658838111189589,0.00492890184456796,0,0,0
15-Jan-2020,0.000397311786331508,0.0029545052582929,0.00393934034439054,0.0206815368080503,0.334843929273196,0.63325388453621,0.00392949199352956,0,0,0
16-Jan-2020,0.000398186488989898,0.00295450267295211,0.00393933689726948,0.0196966844863474,0.320071122903146,0.649010677996269,0.00392948855502631,0,0,0
17-Jan-2020,0.000399965681693988,0.00296325584904562,0.00395100779872749,0.0207427909433193,0.333860158992473,0.63414169045551,0.00394113027923067,0,0,0
21-Jan-2020,0.000406525084239399,0.00297057481686118,0.00396076642248158,0.0207940237180283,0.345576870361518,0.623330566696067,0.00296067290080498,0,0,0
22-Jan-2020,0.000409349533048544,0.00296322803116701,0.00493871338527834,0.0237058242493361,0.410900953655158,0.555116323218671,0.00196560792734078,0,0,0
23-Jan-2020,0.000412844864027461,0.00394900579315838,0.00394900579315838,0.026655789103819,0.457097420558082,0.505971303505658,0.00196463038209629,0,0,0
24-Jan-2020,0.000630147942471599,0.00198880562004294,0.00696081967015029,0.0318208899206871,0.530016697741444,0.427598180323283,0.000984458781921256,0,0,0
27-Jan-2020,0.000641552367391538,0.00296547000024513,0.00593094000049026,0.0395396000032684,0.601990410049762,0.347953422478762,0.000978605100080893,0,0,0
28-Jan-2020,0.000630034184997675,0.00198288675204739,0.00694010363216585,0.0356919615368529,0.5690884978376,0.384684987114073,0.000981528942263456,0,0,0
29-Jan-2020,0.000635938616641917,0.00197601384363414,0.00790405537453656,0.0345802422635975,0.577984049262986,0.375941573786005,0.0009781268525989,0,0,0
30-Jan-2020,0.000649876586993206,0.0029654452991746,0.00593089059834919,0.0415162341884443,0.610881731629967,0.337077224748344,0.000978596948727616,0,0,0
31-Jan-2020,0.000680349781386103,0.00298157519495954,0.00795086718655877,0.0447236279243931,0.64799567570454,0.294683984393826,0.000983919814336648,0,0,0
03-Feb-2020,0.000664256352008392,0.00395387017205027,0.00691927280108798,0.0543657148656913,0.697858085366873,0.236238800442289,0,0,0,0
04-Feb-2020,0.000648757821317208,0.00396373305640061,0.00693653284870106,0.0564831960537087,0.703562617511108,0.228405162708764,0,0,0,0
05-Feb-2020,0.000638868754215594,0.00296401207493596,0.00691602817485058,0.0405081650241248,0.620466527686595,0.327528274300549,0.000978123984728868,0,0,0
06-Feb-2020,0.000636761742302861,0.00296548421582015,0.0059309684316403,0.0415167790214821,0.613855232674771,0.334116164122763,0.000978609791220649,0,0,0
07-Feb-2020,0.000654473025526721,0.00298313581751493,0.00596627163502986,0.0387807656276941,0.590660891867957,0.359970027206498,0.000984434819779928,0,0,0
10-Feb-2020,0.000660635328304695,0.00295809855402847,0.00591619710805694,0.0414133797563986,0.611340367832551,0.336735148897831,0.000976172522829396,0,0,0
11-Feb-2020,0.000650587910566246,0.00296691051046101,0.00593382102092203,0.0415367471464542,0.612172535325122,0.335760317618022,0.000979080468452134,0,0,0
12-Feb-2020,0.000640482717568427,0.00197210547123061,0.00690236914930712,0.0315536875396897,0.536412688174725,0.42154247473922,0.00097619220825915,0,0,0
13-Feb-2020,0.000640487033635759,0.00197113301932725,0.00689896556764535,0.0315381283092359,0.540090447295665,0.417885127929924,0.000975710844566986,0,0,0
14-Feb-2020,0.000648449351317465,0.00197696635621083,0.00691938224673789,0.0306429785212678,0.521919118039658,0.436914507138483,0.000978598346324359,0,0,0
18-Feb-2020,0.000662182997201468,0.00198282296440518,0.00594846889321553,0.0317251674304828,0.520491028156359,0.438208832190955,0.000981497367380563,0,0,0
19-Feb-2020,0.000437443411650496,0.00394890861323108,0.00394890861323108,0.0286295874459253,0.476830715047652,0.485227081986535,0.000977354881774691,0,0,0
20-Feb-2020,0.000445516018067293,0.00395082775698272,0.00395082775698272,0.0286435012381247,0.47113621002019,0.4908952873398,0.000977829869853224,0,0,0
21-Feb-2020,0.000694917000507773,0.00198768782142028,0.00596306346426084,0.0288214734105941,0.489965047980099,0.471583904851515,0.000983905471603039,0,0,0
24-Feb-2020,0.000736710898978548,0.00197679175287914,0.00691877113507697,0.0326170639225058,0.545594523794642,0.411177626578243,0.000978511917675173,0,0,0
25-Feb-2020,0.000772190956427833,0.00297390704034317,0.00594781408068635,0.0426260009115855,0.617581362044599,0.329117335643045,0.000981389323313247,0,0,0
26-Feb-2020,0.00079983400096534,0.00297382476896919,0.00793019938391785,0.0475811963035071,0.66415419840312,0.27656074713952,0,0,0,0
27-Feb-2020,0.000846117238713415,0.00396491602740604,0.00693860304796056,0.056500053390536,0.70278136585772,0.228968944437664,0,0,0,0
28-Feb-2020,0.00103891916921674,0.0039858995040605,0.00896827388413613,0.0787215152051949,0.765292704779616,0.141992687457775,0,0,0,0
02-Mar-2020,0.0014604430853898,0.0019931028735964,0.00996551436798197,0.0697586005758738,0.752396334782639,0.164426004314519,0,0,0,0
03-Mar-2020,0.00126615681281114,0.00396128426293512,0.00891288959160402,0.0802160063244362,0.771460110206615,0.134183552801599,0,0,0,0
04-Mar-2020,0.00141996496926381,0.00396067421268618,0.00990168553171544,0.0802036528068951,0.775301977133319,0.129212045346121,0,0,0,0
05-Mar-2020,0.00159290432268277,0.00494998535281443,0.0108899677761917,0.117809651396983,0.801897627155937,0.0628598639953904,0,0,0,0
06-Mar-2020,0.00229218540482764,0.0059773108079132,0.0169357139557541,0.288903355715805,0.679420995166134,0.00647043894956606,0,0,0,0
09-Mar-2020,0.00371114903038485,0.0129582341796949,0.0936980009916396,0.793442646695161,0.0966883627254155,-0.00049839362229614,0,0,0,0
10-Mar-2020,0.00323758961958163,0.0119016407209602,0.0783524680796548,0.774598450255828,0.131909851323976,0,0,0,0,0
11-Mar-2020,0.00321283561522806,0.0119019362911615,0.0823217260138667,0.781560483119602,0.121003018960141,0,0,0,0,0
12-Mar-2020,0.00440101544527963,0.0178671801814406,0.24219955357064,0.72659866071192,0.00893359009072017,0,0,0,0,0
13-Mar-2020,0.00374924687563895,0.0169617053611559,0.180592274727601,0.778242951864799,0.0209526948578986,-0.000498873687093004,0,0,0,0
16-Mar-2020,0.0082614478067871,0.0610762763087188,0.724905312254302,0.206257588845837,-0.00100125043129042,0.00050062521564535,0,0,0,0
17-Mar-2020,0.00783573927796702,0.045776886653173,0.6577939582119,0.28859341585696,2.82838558931527e-16,-2.82838558931527e-16,0,0,0,0
18-Mar-2020,0.00997126275801429,0.0885998568270857,0.789434679369426,0.110500945031534,0.00199100801858594,-0.000497752004646379,0,0,0,0
19-Mar-2020,0.012101098589304,0.127470825988477,0.80665132070833,0.0537767547138886,0,1.41521045980394e-16,0,0,0,0
20-Mar-2020,0.0178656944464735,0.282758421813266,0.692858402386408,0.00701882607337927,-0.00100268943905436,0.000501344719526897,0,0,0,0
23-Mar-2020,0.0226748744132356,0.393540266286607,0.58127503617333,0.00301178775219332,-0.00100392925073108,0.000501964625365684,0,0,0,0
24-Mar-2020,0.0189445416033789,0.310226992944941,0.666339650441223,0.00299254334030479,0.00199502889353648,-0.000498757223383979,0,0,0,0
25-Mar-2020,0.0161468464863402,0.19100081443339,0.773951216818632,0.0189011222616375,2.82738002541475e-16,-2.82738002541475e-16,0,0,0,0
26-Mar-2020,0.0162803433387428,0.157991338797111,0.794924975079804,0.0308033427843425,-1.41207041629308e-16,1.41207041629308e-16,0,0,0,0
27-Mar-2020,0.0172105018317846,0.158885134935177,0.793426397097675,0.0309776049244683,-0.000999277578208317,0.000499638789104017,0,0,0,0
30-Mar-2020,0.0165364837639458,0.15583576285711,0.79516196945038,0.0319663103296637,0.000998947197801503,-0.000499473598900822,0,0,0,0
31-Mar-2020,0.0161511264064985,0.173912679675619,0.786085312133798,0.0238508817840849,-4.2367676982886e-16,2.82451179885907e-16,0,0,0,0
01-Apr-2020,0.0162546599101579,0.146990722194141,0.800503527624849,0.0347613194378034,0.00198636111073166,-0.000496590277682739,0,0,0,0
02-Apr-2020,0.0125431709820754,0.0823293991044578,0.777665649372228,0.125973899834532,0.00198384094227626,-0.000495960235569277,0,0,0,0
03-Apr-2020,0.0126732064329734,0.0828177098191644,0.774295696622549,0.129714485258932,0.00099780373276096,-0.00049890186638048,0,0,0,0
06-Apr-2020,0.012397186710838,0.0748562011083246,0.761537085942022,0.150710484898094,2.83672159595292e-16,0.000499041340721852,0,0,0,0
07-Apr-2020,0.0131159453201588,0.0814129703055805,0.778387423409452,0.127083660964808,0,1.41091206456788e-16,0,0,0,0
08-Apr-2020,0.012500454360376,0.0758463521663582,0.764451391571452,0.146702812742824,0.000997978317978766,-0.000498989158989312,0,0,0,0
09-Apr-2020,0.0116600337334972,0.0658560704427957,0.737388425109486,0.184596561089655,1.41798643814648e-16,0.000498909624566748,0,0,0,0
13-Apr-2020,0.0107764022027089,0.0468920918774309,0.662475510779023,0.279357143099588,-2.8356455530301e-16,0.00049885204124952,0,0,0,0
14-Apr-2020,0.010186997229944,0.0466144400102131,0.646651380567211,0.296547182192632,2.81885546644952e-16,-2.81885546644952e-16,0,0,0,0
15-Apr-2020,0.0104421893155467,0.0525516673008778,0.678213970449064,0.258792172934511,2.81812871341285e-16,-2.81812871341285e-16,0,0,0,0
16-Apr-2020,0.0129138872375234,0.0674591514249733,0.7489949900861,0.170631971251403,2.81956529444443e-16,-2.81956529444443e-16,0,0,0,0
17-Apr-2020,0.0121361095122196,0.0588429778281464,0.716089120010324,0.213430461952938,-0.000997338607256662,0.000498669303628473,0,0,0,0
20-Apr-2020,0.0131070536719065,0.0797892225429484,0.772958093384813,0.134644313041225,-0.000997365281786799,0.000498682640893541,0,0,0,0
21-Apr-2020,0.0155459353137762,0.127954231077605,0.803433543975659,0.0525703430008765,-4.22869532102146e-16,0.000495946632084135,0,0,0,0
22-Apr-2020,0.014057751116689,0.0862947441175534,0.78260405872126,0.117043446044498,0,1.40956559924148e-16,0,0,0,0
23-Apr-2020,0.0164412773252226,0.115128972583526,0.796970387798029,0.0714593622932231,-4.2312442316249e-16,2.82082948774993e-16,0,0,0,0
24-Apr-2020,0.0158465337866571,0.0947260175180016,0.785727387412476,0.102702945308991,0.00099711597387407,-2.83397404778526e-16,0,0,0,0
27-Apr-2020,0.0140390321605805,0.0857791029177441,0.774006789118249,0.125676360088788,0.000997431429276038,-0.000498715714638019,0,0,0,0
28-Apr-2020,0.0140785161867568,0.0783185492420776,0.762366637558958,0.143749235950649,0.0019827480820778,-0.00049568702051931,0,0,0,0
29-Apr-2020,0.0140507826759093,0.07732935037836,0.760405278720541,0.146727485333299,0.00198280385585527,-0.000495700963963677,0,0,0,0
30-Apr-2020,0.0148944182451382,0.0773409515620324,0.760519357026652,0.146749497835651,-1.40907823869682e-16,0.000495775330525821,0,0,0,0
01-May-2020,0.0139879091353722,0.0768062023232942,0.75908467490944,0.149622472058366,0.000997483147055287,-0.000498741573527715,0,0,0,0
04-May-2020,0.0125778583181321,0.070779376132673,0.740691217839099,0.175453101399302,1.41666962120289e-16,0.000498446310793585,0,0,0,0
05-May-2020,0.0115438272710226,0.0594858278472805,0.70193276859791,0.227037576283787,-4.2267222857561e-16,2.81781485717074e-16,0,0,0,0
06-May-2020,0.0125092711176995,0.0624617629714708,0.711865806563747,0.213163159347083,0,1.40894450609993e-16,0,0,0,0
07-May-2020,0.0128985278453066,0.0558078570829509,0.687632524772073,0.243162805861429,-1.41620955173674e-16,0.000498284438240463,0,0,0,0
08-May-2020,0.011820119491994,0.0458459652076332,0.632873650148849,0.308961939442745,-2.83265369932122e-16,0.000498325708778876,0,0,0,0
11-May-2020,0.0108672201077277,0.0458439374055864,0.628859228324457,0.313931310494776,0.000996607334904421,-0.00049830366745214,0,0,0,0
12-May-2020,0.010860490313551,0.0406359918809062,0.600619782434858,0.347883735370685,-4.2254061719099e-16,2.81693744793993e-16,0,0,0,0
13-May-2020,0.0108766065656212,0.0425962002180053,0.609224724048215,0.335816555207065,0.000990609307395697,0.000495304653697567,0,0,0,0
14-May-2020,0.0109630200775027,0.0356766846465029,0.55596166907467,0.396407607183366,0.000991019017958358,1.40832272842092e-16,0,0,0,0
15-May-2020,0.0100954128410557,0.0338769561785648,0.525092820767754,0.429440238616512,0.00199276212815076,-0.000498190532037689,0,0,0,0
18-May-2020,0.00832064508794554,0.0239078900229928,0.362602998682057,0.602678060996276,0.00298848625287393,-0.000498081042145796,0,0,0,0
19-May-2020,0.00749699635454615,0.0207905866100295,0.300968491878522,0.664308743587132,0.00594016760286557,0.000495013966905435,0,0,0,0
20-May-2020,0.00663197430938384,0.0187707533447257,0.236116318388918,0.728107642898045,0.00987934386564532,0.000493967193282087,0,0,0,0
21-May-2020,0.00665112571730339,0.0148113649246923,0.153050770888487,0.790926886978568,0.0345598514909488,0,0,0,0,0
22-May-2020,0.00671475450344485,0.015932394915233,0.157332399787926,0.78765777362183,0.0328605645126679,-0.000497887341101002,0,0,0,0
26-May-2020,0.00579976779530416,0.0128347597007558,0.101690788398296,0.790818655408105,0.08885602869754,-1.40302234932284e-16,0,0,0,0
27-May-2020,0.00902795895783644,0.0188284687798011,0.116934700842975,0.741247086699538,0.113961784719849,0,0,0,0,0
28-May-2020,0.029645349812271,0.0388010761507299,0.120382826006111,0.481531304024443,0.303444313486477,0.0223852362408056,0.00298469816544076,0.000994899388480253,-0.000984950394595451,0.000815247119837453
29-May-2020,0.0281267524287052,0.0370207496271889,0.107060005678627,0.452253481932145,0.343192354652049,0.0295165436216774,0.00100056080073483,0.00200112160146967,-0.000990555192727487,0.000818984850129947
01-Jun-2020,0.0273186495499027,0.0350126737591234,0.0970351244181421,0.428154981968709,0.375135790276322,0.0325117684906147,0.00300108632221058,0.00200072421480705,-0.000990358486329491,0.00081955948649708
02-Jun-2020,0.0262033096410178,0.0308407549917443,0.0855582235254842,0.389986321185928,0.417842486984923,0.0437739748269919,0.00397945225699927,0.00198972612849963,-0.000984914433607318,0.000810664892018989
03-Jun-2020,0.0241039392775978,0.0298497147190205,0.0756192772881852,0.35421661466571,0.455705644710379,0.0537294864942367,0.00497495245317008,0.00198998098126803,-0.000985040585727676,0.000795429996160728
04-Jun-2020,0.0227046593826072,0.0258539187859941,0.0626460339814472,0.293342540071856,0.504151416326885,0.0835280453085963,0.00596628895061402,0.000994381491769003,9.94381491769004e-06,0.000802771885313613
05-Jun-2020,0.0209458646954527,0.0229895304869878,0.0519763297966681,0.236892118496353,0.530758290808284,0.125442872874651,0.00899590323403872,0.00099954480378208,0.00099954480378208,0
08-Jun-2020,0.0207273497968011,0.0219836717392555,0.0489636325101599,0.219836717392555,0.5366014419991,0.139896092886171,0.00999257806329795,0.000999257806329795,0.000999257806329795,0
09-Jun-2020,0.0191932610572575,0.0198745033220414,0.0417364569762869,0.178870529898373,0.532636689030709,0.191788957057699,0.0129184271593269,0.00198745033220414,0.00099372516610207,0
10-Jun-2020,0.0184568848895186,0.0178823644453327,0.0367581935820727,0.152000097785328,0.511634316074795,0.243398849394806,0.0158954350625179,0.00298039407422211,0.00099346469140737,0
11-Jun-2020,0.0185493965141712,0.0198573718459449,0.0377290065072954,0.161837580544451,0.523241748140649,0.21992039319384,0.015885897476756,0.00198573718459449,0.000992868592297247,0
12-Jun-2020,0.0177881382886051,0.0199738050170086,0.0359528490306154,0.150802227878414,0.509332027933718,0.24517845658378,0.0169777342644573,0.00299607075255128,0.000998690250850427,0
15-Jun-2020,0.01790030314532,0.0169757954718145,0.0349501671478534,0.133809211366067,0.491299492478396,0.280100625284939,0.020970100288712,0.00299572861267315,0.000998576204224382,0
16-Jun-2020,0.0168720229057379,0.0178750541289866,0.0287986983189228,0.122146203214742,0.467730583041816,0.317778740070873,0.0238334055053155,0.00397223425088591,0.000993058562721477,0
17-Jun-2020,0.0169051478393136,0.0158803812565078,0.0287831910274204,0.115132764109682,0.452590865810472,0.337954363615057,0.0287831910274204,0.00198504765706348,0.00198504765706348,0
18-Jun-2020,0.0154163832188554,0.0158723807239278,0.0257926186763826,0.0962263081388121,0.40871380364114,0.394329458610081,0.038688928014574,0.00297607138573646,0.00198404759049097,0
19-Jun-2020,0.0163536254229428,0.0139736674216934,0.0249529775387381,0.0918269573425564,0.389266449604315,0.413720367592278,0.0439172404681791,0.0039924764061981,0.00199623820309905,0
22-Jun-2020,0.0147231042751434,0.0149662313274662,0.0219504726136171,0.0818153979234818,0.352205310573037,0.451481311711897,0.0558739302892071,0.00498874377582206,0.00199549751032882,0
23-Jun-2020,0.0146253975983616,0.0148773216265975,0.0208282502772364,0.0783538939000799,0.343170218853515,0.460701059703635,0.060501107948163,0.00495910720886582,0.00198364288354633,0
24-Jun-2020,0.0156488072828774,0.014876844222425,0.0228111611410517,0.0892610653345502,0.378863632864424,0.42597363956877,0.0466141118969318,0.00396715845931334,0.00198357922965667,0
25-Jun-2020,0.0147862793475758,0.013890223654717,0.0218274943145552,0.0793727065983827,0.339318320708086,0.463338174768058,0.0605216887812667,0.00496079416239891,0.00198431766495957,0
26-Jun-2020,0.014995371802847,0.0149620956181846,0.0229418799478831,0.0817927893794092,0.355100402671581,0.448364132024932,0.0548610172666769,0.00498736520606153,0.00199494608242461,0
29-Jun-2020,0.0149716658118349,0.013957891375136,0.021933829303785,0.0797593792864911,0.340971346449749,0.461607407620567,0.0598195344648683,0.00498496120540569,0.00199398448216228,0
30-Jun-2020,0.0149074355179144,0.0148357313928025,0.0207700239499235,0.0781348520020932,0.340232773274937,0.463863868214958,0.0603319743307302,0.00494524379760083,0.00197809751904033,0
01-Jul-2020,0.0148183625105744,0.0138897713241208,0.0208346569861812,0.0773858688058159,0.333354511778899,0.469275845450653,0.0625039709585436,0.00595275913890892,0.00198425304630297,0
02-Jul-2020,0.0148661593014751,0.0128991968331393,0.0218294100253127,0.0754106891783529,0.32744115037969,0.47429354509543,0.0654882300759381,0.0069457213716904,-5.50807127820122e-19,0.000825897738970838
06-Jul-2020,0.0132943003633667,0.0149677349068409,0.0199569798757879,0.0718451275528365,0.305341792099555,0.490941704944383,0.0758365235279941,0.00598709396273637,0.000997848993789396,0.000830893772710417
07-Jul-2020,0.0140683833728507,0.0138886776488384,0.0198409680697692,0.0704354366476806,0.306542956677934,0.492056008130276,0.0753956786651229,0.00595229042093076,0.00099204840348846,0.000827551963108863
08-Jul-2020,0.014064226261009,0.0138887397063104,0.0188490038871355,0.071427804203882,0.304560220702664,0.492058206737854,0.0773801212208722,0.00595231701699017,0.000992052836165028,0.000827307427118178
09-Jul-2020,0.0149748316653229,0.0138898238562401,0.0208347357843602,0.0744097706584294,0.325418730346198,0.476222532213948,0.0664727284548636,0.00694491192812008,-5.50742937613771e-19,0.000831935092517941
10-Jul-2020,0.0151059699135406,0.0129677775204908,0.0209479483023313,0.0698264943411044,0.308234096448589,0.489284221061596,0.0758116224274848,0.00598512808638038,0.000997521347730063,0.000839220550752257
13-Jul-2020,0.0151015111763486,0.0129678395415578,0.0199505223716274,0.07281940665644,0.310230622878806,0.486293982808418,0.0748144588936027,0.00698268283006959,-5.53738232257e-19,0.000838972843130477
14-Jul-2020,0.0150753815494925,0.0119042794022578,0.0188484423869082,0.0664655599959395,0.284710682370666,0.505931874595957,0.0882900722334122,0.0069441629846504,0.000992023283521485,0.000837521197194029
15-Jul-2020,0.0151154897817381,0.0119037672675719,0.0178556509013578,0.0664627005772764,0.278746550182309,0.508886050688699,0.0922541963236822,0.00694386423941694,0.000991980605630991,0.000839749432318781
16-Jul-2020,0.0143637693602699,0.0128860462399536,0.0188334521968553,0.0644302311997682,0.277545611322078,0.509990060804319,0.0931760266581262,0.00693864028305195,0.000991234326150279,0.000844927609427642
17-Jul-2020,0.0145168272397881,0.011971176191442,0.017956764287163,0.0608534789731636,0.254387494068143,0.520746164327728,0.108738183738932,0.00897838214358152,0.000997598015953502,0.000853931014105184
20-Jul-2020,0.0144511305937639,0.0109687967918055,0.0189461035494822,0.0618241273719946,0.256270979590365,0.520020684266052,0.107693641228636,0.00797730675767672,0.00099716334470959,0.000850066505515523
21-Jul-2020,0.014430404119019,0.0109027964110503,0.0168497762716232,0.0555051453653471,0.233914541182534,0.529776789246036,0.126868903692222,0.00991163310095483,0.000991163310095483,0.000848847301118764
22-Jul-2020,0.0135542186189011,0.0109015435594687,0.0168478400464516,0.052525618968349,0.218030871189373,0.531698010877722,0.143702165102087,0.0109015435594687,0.000991049414497152,0.000847138663681316
23-Jul-2020,0.0134995556152057,0.0118932937817055,0.0148666172271319,0.0545109298328169,0.218043719331268,0.532720450638893,0.141728417565324,0.0109021859665634,0.000991107815142125,0.000843722225950358
24-Jul-2020,0.0136352981443558,0.0109667551370135,0.015951643835656,0.051842842465882,0.209365325342985,0.530890646405426,0.154531549657917,0.009969777397285,0.001993955479457,0.000852206134022238
27-Jul-2020,0.0136017445288196,0.010967151857177,0.0159522208831665,0.0548357592858848,0.216351995727945,0.530909851267884,0.144567001753696,0.010967151857177,0.000997013805197905,0.000850109033051222
28-Jul-2020,0.0145245388143441,0.0109071821168627,0.0168565541806061,0.0555274725949376,0.234008634507237,0.529494113673155,0.126919937359857,0.00991562010623885,0.000991562010623885,0.000854384636137886
29-Jul-2020,0.0137087083832888,0.0118906123359609,0.0148632654199511,0.0544986398731539,0.217994559492616,0.532600344214913,0.1416964636702,0.0108997279746308,0.000990884361330071,0.00085679427395555
30-Jul-2020,0.0146913683691751,0.0109052253458269,0.0168535300799143,0.057500279096178,0.236940805241147,0.528407737211429,0.122931631171139,0.00991384122347897,0.000991384122347897,0.000864198139363239
31-Jul-2020,0.0156505445039626,0.0109663251787279,0.0169479570943977,0.0608132578093094,0.249234663152907,0.5228943232948,0.112654067745114,0.00897244787350467,0.000996938652611629,0.000869474694664588
03-Aug-2020,0.013962966294415,0.0109628809625028,0.0169426342147771,0.0538177792704683,0.220254244792102,0.53070310113934,0.140524201428445,0.0109628809625028,0.000996625542045709,0.000872685393400936
04-Aug-2020,0.0138772723023603,0.011894431366343,0.0158592418217906,0.0535249411485433,0.223020588118931,0.531284601029986,0.137777163326806,0.0109032287524811,0.000991202613861914,0.000867329518897519
05-Aug-2020,0.0137669186234367,0.0108990438799282,0.0148623325635384,0.0495411085451282,0.200146078522318,0.532566916860127,0.164476480369825,0.0108990438799282,0.00198164434180512,0.000860432413964793
06-Aug-2020,0.0129366906786215,0.0128850364046128,0.0138761930511215,0.0525313022649601,0.207151739120314,0.532251119175161,0.155611593501863,0.0099115664650868,0.00198231329301736,0.000862446045241435
07-Aug-2020,0.0138478869929418,0.0119609908354477,0.0159479877805969,0.0538244587595144,0.221278330455781,0.529772219086702,0.141538391552797,0.00897074312658573,0.00199349847257461,0.000865492937058862
10-Aug-2020,0.0137811895394353,0.0119618511212668,0.0159491348283557,0.0548251509724727,0.225281529450524,0.530807143506213,0.134570825114251,0.0109650301944945,0.00099682092677223,0.000861324346214706
11-Aug-2020,0.0135288984990859,0.0118988999437995,0.0158651999250659,0.0545366247424141,0.22310437394624,0.532475772485025,0.135845774358377,0.0109073249484828,0.000991574995316621,0.000845556156192866
12-Aug-2020,0.0126464807194028,0.00990969784596655,0.0128826071997565,0.0426117007376562,0.159546135320062,0.514808803097962,0.228914020241827,0.0148645467689498,0.00297290935378997,0.000843098714626852
13-Aug-2020,0.0126377504256338,0.0109007705290533,0.012882728807063,0.044594061255218,0.168466453630824,0.521750516686051,0.211078556608032,0.0148646870850727,0.00198195827800969,0.000842516695042255
14-Aug-2020,0.0127774602278005,0.00996837502870486,0.0139557250401868,0.0438608501263014,0.165475025476501,0.517857082741218,0.218307413128637,0.0139557250401868,0.00299051250861146,0.000851830681853365
17-Aug-2020,0.0128456970037163,0.00897087550153038,0.0149514591692173,0.042860849618423,0.164466050861391,0.516822105282612,0.220284831759802,0.0159482231138318,0.00199352788922898,0.000856379800247754
18-Aug-2020,0.0127970686146604,0.00891727588277172,0.0138713180398671,0.0435955709824396,0.160510965889891,0.51769740541647,0.223922705500712,0.0148621264712862,0.00297242529425724,0.000853137907644024
19-Aug-2020,0.0128451526187701,0.0109038025553834,0.0118950573331455,0.0446064649992955,0.16355703833075,0.519417503547352,0.218076051107667,0.015860076444194,0.00198250955552424,0.000856343507918009
20-Aug-2020,0.0128565598541491,0.0109036680379008,0.012886153135701,0.0455971572494034,0.169502475861913,0.52337606581924,0.207169692720116,0.0148686382335011,0.00198248509780015,0.000857103990276604
21-Aug-2020,0.0128697916891976,0.0109641176798182,0.0119608556507107,0.0438564707192727,0.161471551284595,0.514815161966008,0.225262781421719,0.0149510695633884,0.00299021391267768,0.000857986112613173
24-Aug-2020,0.0119651713101896,0.0109631316603316,0.0119597799930891,0.0418592299758117,0.151490546579128,0.506795677207149,0.244178841525568,0.0169430216568762,0.00298994499827226,0.000854655093584969
25-Aug-2020,0.0127065049217743,0.00891814922426013,0.0128817711017091,0.0386453133051272,0.144672198526887,0.498920903823887,0.260608138442268,0.0188272039178825,0.00297271640808671,0.000847100328118286
26-Aug-2020,0.0118296353550601,0.00891713850097247,0.0108987248345219,0.0366593471706646,0.133757077514587,0.495891979970747,0.279403673030471,0.0188250701687196,0.00297237950032415,0.000844973953932868
27-Aug-2020,0.0119344995588474,0.00996681510537052,0.0109634966159076,0.0408639419320191,0.147508863559484,0.512792637171313,0.246180333102652,0.0159469041685928,0.00299004453161115,0.000852464254203384
28-Aug-2020,0.00945601137575586,0.00797328782458366,0.0129565927149485,0.0428564220571372,0.159465756491673,0.506303776861063,0.23919863473751,0.0189365585833862,0.00199332195614592,0.000859637397795987
31-Aug-2020,0.00944662578229823,0.00697318785142397,0.013946375702848,0.0428352968016044,0.163371829661933,0.507548458614359,0.235096047562294,0.0179310544750902,0.00199233938612114,0.000858784162027112
01-Sep-2020,0.00855770057611174,0.00987623658391103,0.0118514839006933,0.0424678173108175,0.164933150951314,0.50961380772981,0.233079183380301,0.0167896021926488,0.00197524731678221,0.000855770057611174
02-Sep-2020,0.00935711535061807,0.00790253283672116,0.0138294324642621,0.0434639306019664,0.169904455989505,0.514652450991466,0.222258736032783,0.0158050656734423,0.00197563320918029,0.000850646850056188
03-Sep-2020,0.00940880926971413,0.00987628305812847,0.0138267962813799,0.0474061586790167,0.19061226302188,0.523443002080809,0.189624634716067,0.012839167975567,0.00296288491743854,0
04-Sep-2020,0.00941919383897834,0.0109621618388041,0.0139518423402961,0.0498280083582003,0.199312033432801,0.524190647928267,0.176391149588029,0.0129552821731321,0.00298968050149202,0
08-Sep-2020,0.011071980406939,0.00891818855344444,0.0158545574283457,0.0564818608384814,0.230881992550284,0.52518221481395,0.139718287337296,0.00891818855344444,0.00297272951781481,0
09-Sep-2020,0.0110424560317465,0.00792751538251105,0.016845970187836,0.0545016682547635,0.224943248978751,0.525197894091357,0.147649973999268,0.00891845480532493,0.00297281826844164,0
10-Sep-2020,0.0102411389169791,0.0099025398807706,0.0178245717853871,0.0604054932727007,0.253505020947727,0.517407708770264,0.119820732557324,0.00891228589269354,0.00198050797615412,0
11-Sep-2020,0.00946127380670373,0.0119582139983094,0.0149477674978868,0.0587945521583546,0.235178208633418,0.523171862426037,0.134529907480981,0.00896866049873206,0.00298955349957735,0
14-Sep-2020,0.00944719942949528,0.0109563406800156,0.0169325265054787,0.0577697963128097,0.239047433018523,0.521422213271653,0.133468150102009,0.0079682477672841,0.00298809291273154,0
15-Sep-2020,0.00946672911872152,0.0108958659796941,0.0168390656049817,0.0554698631693516,0.236737451740626,0.523001567025315,0.135703058110735,0.00891479943793151,0.00297159981264384,0
16-Sep-2020,0.00854209931146857,0.010895141765808,0.0158474789320844,0.0515043065292744,0.209979095850119,0.526928674491807,0.162436659053865,0.010895141765808,0.00297140229976583,0
17-Sep-2020,0.00859136589174322,0.0118790849818263,0.0148488562272829,0.052465958669733,0.216793300918331,0.525154548571573,0.157397876009199,0.00989923748485528,0.00296977124545659,0
18-Sep-2020,0.00950537077213265,0.00995471989173736,0.0169230238159535,0.052760015426208,0.220994781596569,0.523618266305385,0.153302686332755,0.00995471989173736,0.00298641596752121,0
21-Sep-2020,0.0103821855492357,0.0109570165666416,0.0179296634726862,0.0617577297392525,0.262968397599398,0.512489547594281,0.113554535327013,0.00796873932119387,0.00199218483029847,0
22-Sep-2020,0.0103470947018515,0.0118817757514535,0.0178226636271803,0.0643596186537065,0.276251286221294,0.508440987364281,0.100995093887355,0.00792118383430234,0.00198029595857558,0
23-Sep-2020,0.0103348241959635,0.0118938228439143,0.0178407342658715,0.0654160256415287,0.276531381121008,0.506974198721847,0.101097494173272,0.00792921522927621,0.00198230380731905,0
24-Sep-2020,0.0112019217402977,0.0108931185386647,0.0188153865667845,0.0663489947355033,0.288172499522858,0.50058831102682,0.0950672163374376,0.00693198452460482,0.00198056700702995,0
25-Sep-2020,0.0104347159933269,0.0119524744922799,0.0199207908204665,0.0687267283306094,0.291839585519834,0.496525711200127,0.0916356377741459,0.00697227678716327,0.00199207908204665,0
28-Sep-2020,0.00956489399069122,0.0129468641308406,0.0169305146326377,0.0657302332796525,0.274871884624001,0.507417482666408,0.102579000421276,0.00796730100359424,0.00199182525089856,0
29-Sep-2020,0.0112429884541666,0.0108981233737517,0.0188240312819347,0.0673702172195558,0.287314161671635,0.501313675192577,0.0941201564096735,0.00693516941966016,0.00198147697704576,0
30-Sep-2020,0.0112574492781042,0.00990723998719335,0.0198144799743867,0.0653877839154761,0.281365615636291,0.504278515348141,0.0990723998719334,0.00693506799103534,0.00198144799743867,0
01-Oct-2020,0.01122299619,0.0108983437293687,0.0198151704170341,0.0673715794179158,0.294255280692956,0.497360777467555,0.090159025397505,0.00693530964596192,0.00198151704170341,0
02-Oct-2020,0.0121612883714891,0.0109593805626965,0.0199261464776301,0.0747230492911128,0.312840499698792,0.482710898420589,0.0787082785866388,0.00597784394328902,0.00199261464776301,0
05-Oct-2020,0.0103718839706019,0.010951618990265,0.017920831074979,0.0637185104888143,0.268812466124686,0.509748083910515,0.108520588176262,0.0079648138111018,0.00199120345277545,0
06-Oct-2020,0.0102736447873877,0.0108652593885616,0.0177795153631008,0.0622283037708529,0.264717228739501,0.513630443822913,0.110628095592627,0.00790200682804481,0.0019755017070112,0
07-Oct-2020,0.0102624660174325,0.0118531441195517,0.0167919541693649,0.0642045306475718,0.268671266709839,0.511660721160649,0.106678297075965,0.00790209607970114,0.00197552401992528,0
08-Oct-2020,0.010313376265157,0.010864823214654,0.016791090422647,0.0602503832812629,0.254829489943702,0.517560669498062,0.118525344159861,0.00888940081198961,0.00197542240266436,0
09-Oct-2020,0.0102778763959422,0.00995696301412533,0.0179225334254256,0.0577503854819269,0.242949897544658,0.519753469337342,0.130436215485042,0.00796557041130026,0.0029870889042376,0
13-Oct-2020,0.0103419797593789,0.0118877840269144,0.016841027371462,0.065382812148029,0.271437735281211,0.510184064488408,0.104018110235501,0.00792518935127625,0.00198129733781906,0
14-Oct-2020,0.0103501774482752,0.0118936383281129,0.0178404574921693,0.0664061473319635,0.277518227655967,0.506966333735811,0.0991136527342739,0.00792909221874191,0.00198227305468548,0
15-Oct-2020,0.0112030390732466,0.00990778517962679,0.0198155703592536,0.0653913821855368,0.281381099101401,0.504306265643004,0.0990778517962679,0.00693544962573875,0.00198155703592536,0
16-Oct-2020,0.0112923000475359,0.0109579694705059,0.0179312227699187,0.0657478168230354,0.279926311019287,0.504564685164658,0.0996179042773263,0.00796943234218611,0.00199235808554653,0
19-Oct-2020,0.0103411683613538,0.0119536044083178,0.0179304066124767,0.065744824245748,0.276925168792696,0.506533986802468,0.100609503770008,0.00796906960554521,0.0019922674013863,0
20-Oct-2020,0.0103235729833119,0.0118880051293296,0.0178320076939944,0.0643933611172019,0.277386786351024,0.507221552184729,0.101048043599301,0.00792533675288639,0.0019813341882216,0
21-Oct-2020,0.0111577121756084,0.00990823935695783,0.0188256547782199,0.0663852036916175,0.278421525930515,0.505320207204849,0.10106404144097,0.00693576754987048,0.00198164787139157,0
22-Oct-2020,0.0111554960785977,0.00990329998919782,0.0198065999783956,0.0653617799287056,0.282244049692138,0.503582804450709,0.0990329998919782,0.00693230999243847,0.00198065999783956,0
23-Oct-2020,0.0112077216188622,0.0109533887836783,0.0209110149506585,0.0706991457855597,0.302711835476199,0.489915207415428,0.0856355850360301,0.00597457570018815,0.00199152523339605,0
26-Oct-2020,0.01128225616028,0.0119542699507069,0.0209199724137372,0.0767065655170362,0.325753856156764,0.472691757634204,0.0737179980293595,0.00498094581279456,0.00199237832511782,0
27-Oct-2020,0.0112552233362156,0.0108979885203423,0.0208052508115626,0.0723230147259081,0.310097309715195,0.485455852269794,0.0812395507880063,0.00594435737473217,0.00198145245824406,0
28-Oct-2020,0.0120393541480094,0.0118927636251397,0.0218033999794228,0.0812672181051216,0.345881208764481,0.456880335932452,0.0644191363028403,0.00396425454171325,0.00100097427178259,0.000851354329037806
29-Oct-2020,0.0120251267631135,0.0138820738614589,0.024789417609748,0.0951913636214323,0.391672798234018,0.411008543969622,0.0456125284019363,0.0049578835219496,9.91576704389921e-06,0.000850348249677315
30-Oct-2020,0.013806527834249,0.0159465341633674,0.0269097764006824,0.0996658385210461,0.386703453461659,0.400158341662,0.0498329192605231,0.0049832919260523,0.00199331677042092,0
02-Nov-2020,0.013806527834249,0.0149498757781569,0.025913118015472,0.0976725217506252,0.374743552839133,0.412118242284526,0.0538195528013649,0.0049832919260523,0.00199331677042092,0
03-Nov-2020,0.0136408171120526,0.0128871049020536,0.0257742098041072,0.0882271027909822,0.352908411163929,0.435187619384732,0.0634442087485715,0.00594789457017858,0.00198263152339286,0
04-Nov-2020,0.0137339347606409,0.0138701405458072,0.0247681081175128,0.091146637872447,0.359632929866285,0.428488270432971,0.0614249081314317,0.00495362162350256,0.00198144864940102,0
05-Nov-2020,0.0137163369795486,0.0138703880284142,0.0257592920527692,0.0911482641867218,0.362611572742828,0.425523689871706,0.0604352621238047,0.00495371001014792,0.00198148400405917,0
06-Nov-2020,0.0147303465882713,0.0139120273804984,0.0258366222780685,0.0963904754220249,0.372643590549065,0.413882814569829,0.0556481095219938,0.00496858120732087,0.00198743248292835,0
09-Nov-2020,0.0127548779362706,0.0118588002650298,0.0227293671746404,0.0741175016564361,0.304375873469098,0.47534024395661,0.0889410019877234,0.00790586684335319,0.0019764667108383,0
10-Nov-2020,0.0118911925181578,0.0118870232479019,0.0208022906838283,0.0693409689460942,0.278354461055035,0.490835001611281,0.105992623960458,0.00792468216526791,0.00297175581197547,0
12-Nov-2020,0.0120045370429305,0.0128825887847963,0.0218013040973476,0.0723406908684715,0.294317605314192,0.481610626877769,0.0951329633338803,0.00693677857642877,0.00297290510418376,0
13-Nov-2020,0.0129252330994936,0.0129485085466262,0.0209168214983962,0.0766950121607861,0.30379193128623,0.473118581511343,0.0906395598263836,0.00597623471382749,0.00298811735691374,0
16-Nov-2020,0.01295716739746,0.0109560758411987,0.0219121516823975,0.0727085033097734,0.291830020133748,0.482067337012744,0.0976086756761341,0.00697204826258101,0.00298802068396329,0
17-Nov-2020,0.0120365860320477,0.0138661531784976,0.0207992297677464,0.0732925239434872,0.299112732850448,0.478877504414541,0.0921108746857339,0.00693307658924879,0.00297131853824948,0
18-Nov-2020,0.0121069494722734,0.0128747966484816,0.0207977484321627,0.0722969350260892,0.291168478050277,0.483795243291022,0.0970561593500924,0.00693258281072089,0.00297110691888038,0
19-Nov-2020,0.0121632923130335,0.0128740623558201,0.0198062497781848,0.0722928116903745,0.28620030929477,0.485748275809982,0.101011873868742,0.00693218742236467,0.00297093746672772,0
20-Nov-2020,0.0131398276574018,0.0119258026869196,0.021863971592686,0.0725486330120943,0.293175982720107,0.481007375039091,0.0964002383859335,0.00695671823403644,0.0029814506717299,0
23-Nov-2020,0.0122440209619027,0.0128408277274953,0.0197551195807619,0.0721061864697811,0.284473721962972,0.486963697665782,0.101738865840924,0.00691429185326668,0.00296326793711429,0
24-Nov-2020,0.00961231716401671,0.0108725940313615,0.0217451880627231,0.0790734111371748,0.305421050517338,0.412664364372131,0.12454062254105,0.0247104409803671,4.38945608400714e-18,0.0113600111938379
25-Nov-2020,0.00960378217021592,0.0108966673736615,0.0198121224975663,0.0772672777405086,0.295200625213738,0.41754048163621,0.130760008483938,0.0257557592468362,0.00792484899902652,0.00523842663829959
27-Nov-2020,0.00953549842669576,0.0109695308975164,0.0199446016318479,0.0787811764457994,0.293185643988165,0.416842174105622,0.131634370770196,0.0259279821214023,0.00797784065273918,0.00520118096001587
30-Nov-2020,0.00965549635174292,0.00996538056929265,0.0209272991955146,0.078726506497412,0.293978726794133,0.417051176824898,0.130546485457734,0.0269065275370902,0.00697576639850486,0.00526663437367795
01-Dec-2020,0.00952935128326309,0.0109034215575297,0.0198244028318722,0.0792976113274888,0.298357262619676,0.416312459469316,0.126876178123982,0.0267629438230275,0.00693854099115527,0.00519782797268895
02-Dec-2020,0.00867818882849311,0.0108962972140819,0.0198114494801489,0.0723117906025435,0.280332010144107,0.426441450060205,0.140661291309057,0.026745456798201,0.008915152266067,0.00520691329709586
03-Dec-2020,0.00958298964162241,0.00891574592850056,0.0188221302935012,0.0693446905550043,0.266481739418516,0.432413677532277,0.151567680784509,0.0287285146585018,0.00891574592850055,0.00522708525906677
04-Dec-2020,0.00881237811623611,0.00996478459486493,0.0179366122707569,0.0647710998666221,0.25011609333111,0.436955804484827,0.164418945815271,0.0328837891630543,0.00797182767589194,0.00616866468136528
07-Dec-2020,0.0088392047998654,0.00996318617807191,0.0169374165027222,0.0647607101574674,0.249079654451798,0.43788203252626,0.165388890555994,0.0318821957698301,0.00996318617807191,0.00530352287991924
08-Dec-2020,0.00884674381875629,0.00891815374202519,0.0178363074840504,0.0624270761941762,0.243762868948688,0.440953157244578,0.168454015127142,0.0346817089967646,0.00792724777068905,0.0061927206731294
09-Dec-2020,0.00876000318933687,0.00891500447582016,0.0178300089516403,0.0604239192250033,0.241695676900013,0.441292721553098,0.17235675319919,0.0336789057975428,0.00891500447582016,0.00613200223253581
10-Dec-2020,0.00793777213636186,0.00891408534306872,0.0168377167591298,0.05447496598542,0.219880771795695,0.444218586262925,0.194128969693497,0.0376372492262902,0.00891408534306873,0.00705579745454387
11-Dec-2020,0.00894794010152977,0.0079699625843391,0.017932415814763,0.056785983413416,0.227143933653664,0.440838555446256,0.187294120731969,0.0368610769525683,0.00996245323042386,0.00626355807107084
14-Dec-2020,0.0089550447249458,0.00697716089855582,0.0169445336107784,0.0568140244596688,0.217288725126453,0.443548085693905,0.194363767888341,0.0378760163064459,0.0109641099834448,0.00626853130746206
15-Dec-2020,0.00888604553888678,0.00693310098259691,0.0168375309577353,0.0534839218657476,0.214926130460504,0.444213684384959,0.199079042500283,0.0396177199005538,0.00891398697762459,0.00710883643110943
16-Dec-2020,0.00796047845143667,0.00792328640082728,0.0148561620015512,0.0485301292050671,0.193130106020165,0.442218422246173,0.222842430023267,0.0445684860046535,0.0108945188011375,0.00707598084572148
17-Dec-2020,0.00798639448084085,0.00792289261500538,0.0148554236531351,0.0475373556900323,0.190149422760129,0.441206082498112,0.226792801104529,0.0455566325362809,0.0108939773456324,0.00709901731630298
18-Dec-2020,0.00803809173566368,0.00797019271892876,0.0139478372581253,0.0478211563135726,0.185306980715094,0.437862462496149,0.233128137028666,0.0468248822237065,0.0119552890783931,0.00714497043170105
21-Dec-2020,0.00803563732412494,0.00896104020486263,0.0139393958742308,0.0507792278275549,0.198138555640851,0.443073654573763,0.216060636050577,0.0428138587565659,0.0119480536064835,0.00624994014098606
22-Dec-2020,0.00796196306974353,0.00889132058958311,0.0138309431393515,0.0513720745175913,0.196596977480782,0.443578104969202,0.216355467679856,0.0444566029479155,0.00987924509953679,0.00707730050643869
23-Dec-2020,0.00799777473706867,0.00896262672342753,0.0129460163782842,0.0487965232719944,0.187219313778264,0.438172862034235,0.230040752567973,0.046804828444566,0.01195016896457,0.00710913309961659
24-Dec-2020,0.00531000062972154,0.00697019104265317,0.0119488989302626,0.0438126294109628,0.188195158151635,0.465509187491479,0.225037596519945,0.0388339215233534,0.00995741577521881,0.00442500052476795
28-Dec-2020,0.0044135000096554,0.00497770045149333,0.011946481083584,0.0438037639731413,0.193134777517941,0.471388232756418,0.222005440136602,0.0368349833410506,0.00796432072238932,0.00353080000772432
29-Dec-2020,0.00438385351875356,0.00493586598838927,0.0118460783721343,0.0424484475001477,0.191511600349504,0.472855961687692,0.223101142675195,0.0375125815117585,0.00789738558142283,0.00350708281500285
30-Dec-2020,0.00348724963273488,0.00690972018403749,0.00987102883433926,0.0424454239876588,0.184588239202144,0.470848075397983,0.231969177606973,0.0375099095704892,0.00888392595090534,0.00348724963273488
31-Dec-2020,0.00354167511345103,0.00696860874757967,0.0109506708890538,0.0408161369501095,0.185165889578546,0.468390059390891,0.231955119740866,0.0408161369501095,0.00696860874757968,0.00442709389181379
04-Jan-2021,0.00357164912898994,0.00696392476171758,0.0109433103398419,0.0417835485703054,0.192005354144499,0.469567498218671,0.225830131558556,0.0378041629921811,0.00795877115624866,0.00357164912898994
05-Jan-2021,0.00354623095295674,0.00594024539135238,0.0099004089855873,0.0386115950437905,0.166326870957867,0.462349099626927,0.25741063362527,0.0425717586380254,0.00891036808702857,0.00443278869119593
06-Jan-2021,0.00350809038253164,0.0059407592613132,0.00891113889196979,0.0366346821114314,0.158420246968352,0.456448336577564,0.269314419846198,0.0475260740905056,0.00891113889196979,0.00438511297816455
07-Jan-2021,0.00439997785569788,0.0039608393378166,0.00891188851008735,0.0326769245369869,0.140609796492489,0.441633586166551,0.299043370005153,0.0534713310605241,0.0108923081789956,0.00439997785569788
08-Jan-2021,0.00444472883799402,0.00398236280190462,0.00896031630428539,0.0318589024152369,0.137391516665709,0.436566522158794,0.304650754345703,0.0567486699271408,0.0109514977052377,0.00444472883799402
11-Jan-2021,0.00441269620684581,0.00398462153803541,0.00896539846057967,0.0348654384578098,0.144442530753784,0.446277612259966,0.289881216892076,0.0527962353789692,0.00996155384508853,0.00441269620684581
12-Jan-2021,0.00440001047394527,0.00394900390060601,0.00888525877636353,0.0335665331551511,0.141176889446665,0.445250189793328,0.294200790595148,0.0542988036333327,0.00987250975151504,0.00440001047394527
13-Jan-2021,0.0043912964569207,0.00394907333500462,0.00987268333751154,0.0325798550137881,0.147102981728922,0.447232555189273,0.289269621789088,0.05133795335506,0.00987268333751154,0.0043912964569207
14-Jan-2021,0.00436525690460089,0.00394928082147728,0.00888588184832389,0.0315942465718183,0.140199469162444,0.441332131800086,0.300145342432274,0.0543026112953126,0.0108605222590625,0.00436525690460089
15-Jan-2021,0.00356988788349269,0.00497476305046209,0.00994952610092419,0.0328334361330498,0.144268128463401,0.443748864101219,0.293511019977264,0.0517375357248058,0.0109444787110166,0.00446235985436586
19-Jan-2021,0.00266415520017769,0.00593955485224043,0.00890933227836065,0.0316776258786157,0.13363998417541,0.436557281639672,0.307866926507796,0.0574156969049909,0.0108891838957741,0.00444025866696281
20-Jan-2021,0.00267661297275703,0.00594231839644478,0.00891347759466717,0.0316923647810388,0.134692550319415,0.436265208938987,0.307019783816313,0.0574424111656328,0.0108942503934821,0.00446102162126171
21-Jan-2021,0.00267475762256607,0.00593701183321078,0.00791601577761438,0.0286955571938521,0.124677248497426,0.422022591144066,0.328514654770997,0.063328126220915,0.0108845216942198,0.00534951524513214
22-Jan-2021,0.00358871784014511,0.00497954510471724,0.00796727216754758,0.0328649976911338,0.133451808806422,0.432224515089456,0.310723614534356,0.0577627232147199,0.0119509082513214,0.00448589730018138
25-Jan-2021,0.00360047735184317,0.00497691382819043,0.00796306212510469,0.0308568657347807,0.133381290595504,0.43149842890411,0.313545571175997,0.057732200407009,0.011944593187657,0.00450059668980396
26-Jan-2021,0.00360081970661187,0.0049495915951104,0.00791934655217663,0.0306874678896845,0.130669218110914,0.430614468774604,0.316773862087065,0.0584051808223027,0.011879019828265,0.00450102463326484
27-Jan-2021,0.00357342591551699,0.0049474303824942,0.00890537468848956,0.0336425266009606,0.144464967168831,0.44378450530973,0.293877364720155,0.0524427620544385,0.0098948607649884,0.00446678239439623
28-Jan-2021,0.00357838792348438,0.00494984344896287,0.00989968689792575,0.0346489041427401,0.150475240848471,0.451425722545414,0.281151107901091,0.0494984344896287,0.00989968689792575,0.00447298490435548
29-Jan-2021,0.00360154307879688,0.00596928702952482,0.0109436928874622,0.0368106033487364,0.16912979916987,0.460629982444998,0.25568446109798,0.0437747715498487,0.00895393054428722,0.00450192884849611
01-Feb-2021,0.00361013270548359,0.00497680482394712,0.0109489706126837,0.0348376337676299,0.15627167147194,0.453386919461583,0.274719626281881,0.046781965345103,0.00995360964789425,0.00451266588185449
02-Feb-2021,0.00447784710770787,0.0039602170061322,0.00891048826379746,0.0346518988036568,0.144547920723825,0.446514467441406,0.291075949950717,0.0514828210797187,0.00990054251533051,0.00447784710770787
03-Feb-2021,0.00358727678265733,0.00494727494882305,0.00890509490788149,0.0316625596724675,0.137534243577281,0.436844377981075,0.305741591837264,0.0554094794268181,0.0108840048874107,0.00448409597832166
04-Feb-2021,0.00454040457305502,0.00395971704636919,0.00890936335433068,0.0316777363709535,0.140569955146106,0.440518521408573,0.299948566262466,0.0544461093875764,0.0108892218775153,0.00454040457305502
05-Feb-2021,0.00460386218354898,0.00397908544430884,0.0089529422496949,0.0318326835544707,0.13926799055081,0.436704627512895,0.303405265128549,0.0557071962203238,0.0109424849718493,0.00460386218354898
08-Feb-2021,0.00364684080206966,0.00497639040740263,0.00895750273332473,0.0298583424444158,0.13336726291839,0.431453048321808,0.313512595666365,0.0577261287258704,0.0119433369777663,0.00455855100258707
09-Feb-2021,0.00362662684969105,0.00494930184425247,0.00890874331965445,0.0316755318032158,0.133631149794817,0.436528422663068,0.307846574712504,0.0574119013933287,0.0108884640573554,0.00453328356211381
10-Feb-2021,0.00454493963930763,0.00394784908653938,0.00986962271634845,0.0325697549639499,0.148044340745227,0.44808087132222,0.28720602104574,0.051322038125012,0.00986962271634845,0.00454493963930763
11-Feb-2021,0.00452652137720973,0.00394603069087339,0.00887856905446513,0.0335412608724238,0.144030120216879,0.445408214232334,0.292992778797349,0.0522849066540724,0.00986507672718348,0.00452652137720973
12-Feb-2021,0.00456526064107973,0.0039813941887206,0.00796278837744121,0.032846502056945,0.13238135677496,0.431483595202596,0.312539443814567,0.0577302157364487,0.0119441825661618,0.00456526064107973
16-Feb-2021,0.00451486437350435,0.0039480887300916,0.0069091552776603,0.0315847098407328,0.126338839362931,0.427380605032415,0.322756253684988,0.059221330951374,0.0128312883727977,0.00451486437350435
17-Feb-2021,0.00456431234438095,0.00395952597526968,0.00692917045672194,0.03068632630834,0.127694712702447,0.425649042341491,0.322701366984479,0.0603827711228626,0.0128684594196265,0.00456431234438095
18-Feb-2021,0.0045661245824005,0.00395753470128886,0.00791506940257772,0.0306708939349887,0.133566796168499,0.431865974278147,0.313634625077142,0.0573842531686885,0.0118726041038666,0.0045661245824005
19-Feb-2021,0.00461574691429801,0.00398098847281328,0.00895722406382987,0.0318479077825062,0.137344102312058,0.435420614213952,0.305540865288419,0.0567290857375892,0.0109477183002365,0.00461574691429801
22-Feb-2021,0.00369782786014943,0.00497581478833248,0.00796130366133197,0.0288597257723284,0.125390532665979,0.421451512571761,0.327408613072277,0.0626952663329893,0.0129371184496645,0.00462228482518679
23-Feb-2021,0.00366776741935738,0.00395936296284358,0.00791872592568717,0.0277155407399051,0.112841844441042,0.405834703691467,0.350403622211657,0.0692888518497627,0.0128679296292416,0.00550165112903607
24-Feb-2021,0.00365137009172567,0.00395785600099052,0.00692624800173341,0.0257260640064384,0.105872648026496,0.39034354809769,0.367091144091871,0.0771781920193152,0.0128630320032192,0.00638989766051992
25-Feb-2021,0.00357624738852779,0.00396027724886586,0.00792055449773171,0.027721940742061,0.112867901592677,0.40592841800875,0.349494467212412,0.0702949211673689,0.012870901058814,0.00536437108279168
26-Feb-2021,0.003619034728344,0.00398209212467392,0.00796418424934785,0.0258835988103805,0.109507533428533,0.394724881858303,0.36037933728299,0.074664227337636,0.0129417994051903,0.00633331077460199
01-Mar-2021,0.00364136789913754,0.00398150308489063,0.00696763039855861,0.0268751458230118,0.107500583292047,0.394666493289784,0.361321404953825,0.075648558612922,0.0139352607971172,0.00546205184870631
02-Mar-2021,0.00362621212856268,0.00296835088271171,0.0079156023538979,0.0237468070616937,0.0979555791294865,0.374506936368794,0.383906714164048,0.0841032750101652,0.0158312047077958,0.00543931819284402
03-Mar-2021,0.0026995465024326,0.00494713895507582,0.00692599453710615,0.0227568391933488,0.0949850679374558,0.368561852153149,0.39082397745099,0.0860802178183193,0.0168202724472578,0.0053990930048652
04-Mar-2021,0.00270594625442155,0.00495242468341793,0.00594290962010152,0.0227811535437225,0.0891436443015228,0.356079334737749,0.401146399356853,0.0950865539216243,0.0158477589869374,0.00631387459365028
05-Mar-2021,0.00271265707552219,0.00398011493758024,0.00696520114076542,0.0199005746879012,0.081592356220395,0.331344568553555,0.420897154649111,0.107463103314667,0.0179105172191111,0.00723375220139251
08-Mar-2021,0.00271564387046722,0.00398170910603761,0.00696799093556581,0.019908545530188,0.0836158912267897,0.335956705821923,0.417084028857439,0.104519864033487,0.0189131182536786,0.00633650236442352
09-Mar-2021,0.00269522253742344,0.0039584908240391,0.00692735894206843,0.0197924541201955,0.0831283073048212,0.335976908690319,0.418610404642135,0.104900006837036,0.0168235860021662,0.00718726009979585
10-Mar-2021,0.00269415531184505,0.00395850646885851,0.00593775970328777,0.0188029057270779,0.0762012495255263,0.317175330817288,0.432466831722792,0.115786314214111,0.0197925323442926,0.00718441416492015
11-Mar-2021,0.00361423625973824,0.00198046840111393,0.00594140520334179,0.0168339814094684,0.0643652230362027,0.27726557615595,0.456497966456761,0.141603490679646,0.0237656208133672,0.00813203158441103
12-Mar-2021,0.00273095018594953,0.00298664176926885,0.00696883079496066,0.0169243033591902,0.0676972134367607,0.288210930734444,0.448991812646751,0.135394426873521,0.0219020396413049,0.00819285055784859
15-Mar-2021,0.00274910710427167,0.00398189661432476,0.00497737076790595,0.0169230606108802,0.0647058199827774,0.277239551772362,0.455927162340185,0.141357329808529,0.0238913796859486,0.00824732131281502
16-Mar-2021,0.00365807258181239,0.00198018289400623,0.00594054868201869,0.016831554599053,0.0653460355022056,0.278215696607876,0.455442065621433,0.141583076921446,0.0227721032810717,0.00823066330907788
17-Mar-2021,0.00365843405772844,0.00198018053970417,0.00594054161911252,0.0178216248573376,0.0663360480800898,0.286136087987253,0.451481163052551,0.136632457239588,0.0217819859367459,0.00823147662988898
18-Mar-2021,0.00274728454175004,0.00395941012931402,0.00692896772629953,0.0207869031788986,0.0821577601832659,0.33753971352402,0.417717768642629,0.102944663362164,0.0188071981142416,0.00641033059741676
19-Mar-2021,0.00276389655807222,0.00398136033230931,0.00597204049846397,0.0209021417446239,0.0776365264800315,0.322987856958593,0.427000895640173,0.112473429387738,0.0189114615784692,0.00737039082152593
22-Mar-2021,0.00278669698853592,0.00398102407658938,0.00597153611488408,0.0199051203829469,0.0796204815317876,0.323955834232461,0.425969576195064,0.111468674144503,0.0189098643637996,0.00743119196942911
23-Mar-2021,0.00276668085552544,0.00395717515918755,0.0069250565285782,0.0207751695857346,0.0840899721327354,0.341801004374824,0.413524804135099,0.101897260349079,0.017807288216344,0.0064555886628927
24-Mar-2021,0.00277390247280927,0.00395957713757262,0.00494947142196578,0.0197978856878631,0.0712723884763072,0.305877333877485,0.440502956554954,0.122746891264751,0.0197978856878631,0.00832170741842781
25-Mar-2021,0.00277701835439237,0.00395729175159311,0.00593593762738968,0.0197864587579656,0.0761778662181675,0.320045970410093,0.43134480092365,0.112782814920404,0.0197864587579656,0.00740538227837964
26-Mar-2021,0.00279404746328634,0.00298437769662029,0.00596875539324057,0.0179062661797217,0.0656563093256463,0.283515881178927,0.450641032189663,0.139270959175613,0.0228802290074222,0.00838214238985901
29-Mar-2021,0.00370398029690528,0.0019898530997685,0.00596955929930548,0.0169137513480322,0.0666600788422446,0.281564213617242,0.452691580197333,0.139289716983795,0.0228833106473377,0.00833395566803688
30-Mar-2021,0.00368612041421248,0.00296830907080749,0.00494718178467916,0.0187992907817808,0.0692605449855081,0.296336188902281,0.44623579697806,0.127637290044722,0.0227570362095241,0.00737224082842497
31-Mar-2021,0.00369495661676541,0.0029861554005527,0.00597231080110541,0.0189123175368338,0.0736584998803,0.306080928556652,0.43796945874773,0.121436986289143,0.0218984729373865,0.00738991323353082
01-Apr-2021,0.00369085715744652,0.0029879174825755,0.00497986247095917,0.017927504895453,0.065734184616661,0.282856188350481,0.4511755398689,0.138440176692665,0.023903339860604,0.00830442860425467
02-Apr-2021,0.00362362874099051,0.00199138177650737,0.0059741453295221,0.0179224359885663,0.0647199077364894,0.279291294155158,0.45403504504368,0.140392415243769,0.0238965813180884,0.00815316466722866
05-Apr-2021,0.00276328127374685,0.00398166834385511,0.00497708542981889,0.0199083417192755,0.071670030189392,0.307086171019825,0.438978934910026,0.122436301573545,0.0199083417192755,0.00828984382124054
06-Apr-2021,0.00275776361267639,0.00395785470955195,0.00494731838693994,0.0197892735477598,0.0742097758040991,0.310196862861134,0.436353481728103,0.120714568641335,0.0187998098703718,0.00827329083802917
07-Apr-2021,0.00276377296159823,0.00396172221593834,0.00495215276992292,0.0198086110796917,0.07131099988689,0.305547825904244,0.439751165969155,0.123803819248073,0.0198086110796917,0.00829131888479469
08-Apr-2021,0.00276988072010789,0.0029680472884346,0.00692544367301406,0.0168189346344627,0.0692544367301406,0.295320705199242,0.447185791457479,0.128615382498833,0.0227550292113319,0.00738634858695439
09-Apr-2021,0.00369812983860527,0.00198989139581981,0.00596967418745941,0.0159191311665584,0.0636765246662337,0.270625229831494,0.457675021038555,0.146257017592756,0.0258685881456575,0.00832079213686185
12-Apr-2021,0.00367846512664277,0.00199102264652577,0.00497755661631441,0.0179192038187319,0.0607261907190358,0.268290301619347,0.459926231347452,0.148331187166169,0.0258832944048349,0.00827654653494624
13-Apr-2021,0.00274219692349931,0.00296880464696496,0.00494800774494159,0.0158336247838131,0.0573968898413225,0.250863992668539,0.466102329573498,0.163284255583073,0.0267192418226846,0.00914065641166438
14-Apr-2021,0.00277820071958,0.00297131166982001,0.00396174889309335,0.0158469955723734,0.0505122983869402,0.229286217187777,0.470457681054835,0.183230886305567,0.0316939911447468,0.00926066906526668
15-Apr-2021,0.00276423006977101,0.00296703204113411,0.00494505340189018,0.0138461495252925,0.054395587420792,0.235384541929973,0.469780073179567,0.177032911787669,0.0296703204113411,0.00921410023257003
16-Apr-2021,0.00275638669745645,0.00298506240980168,0.00497510401633613,0.0149253120490084,0.0547261441796974,0.2368149511776,0.468654798338863,0.175123661375032,0.0298506240980168,0.00918795565818816
19-Apr-2021,0.00276177176556023,0.00298521693072798,0.0049753615512133,0.0149260846536399,0.055724049373589,0.242797643699209,0.466688913503808,0.17214750967198,0.0268669523765518,0.0101264964737208
20-Apr-2021,0.00274518147504138,0.0039603375294916,0.0039603375294916,0.0158413501179664,0.0603951473247469,0.258412023799327,0.463359490950517,0.156433332414918,0.0257421939416954,0.00915060491680461
21-Apr-2021,0.00366821134476541,0.00198110939975842,0.00594332819927526,0.0168394298979466,0.0633955007922695,0.27586948391636,0.455655161944437,0.144620986182365,0.0237733127971011,0.00825347552572217
22-Apr-2021,0.00275095358452374,0.00395796372450988,0.00395796372450987,0.0178108367602944,0.0623379286610305,0.272604751525618,0.458134301112018,0.145455166875738,0.0247372732781867,0.00825286075357121
23-Apr-2021,0.00369804040256335,0.0019910375362401,0.00497759384060024,0.0179193378261609,0.0597311260872029,0.266301270472113,0.458934152103342,0.152314371522367,0.0248879692030012,0.00924510100640837
26-Apr-2021,0.00274633796688676,0.00398226378697629,0.00398226378697628,0.0169246210946492,0.0597339568046443,0.263327192913807,0.460947033342505,0.154312721745331,0.0248891486686018,0.00915445988962252
27-Apr-2021,0.0027473523429195,0.00297022486928061,0.00495037478213435,0.0138610493899762,0.0524739726906241,0.23068746484746,0.470285604302763,0.182173791982544,0.030692323649233,0.00915784114306499
28-Apr-2021,0.00273418326117086,0.00296961634135737,0.00296961634135738,0.0138582095930011,0.0465239893479322,0.200449103041623,0.470189254048251,0.213812376577731,0.0346455239825027,0.0118481274650737
29-Apr-2021,0.00277292026424135,0.00298828908690543,0.00298828908690543,0.0149414454345272,0.0448243363035815,0.19822317609806,0.469161386644153,0.216152910619493,0.036855565405167,0.0110916810569654
30-Apr-2021,0.00277456142778691,0.00298826422079111,0.00398435229438814,0.0139452330303585,0.0458200513854636,0.206190231234586,0.470153570737801,0.207186319308183,0.0358591706494933,0.0110982457111476
03-May-2021,0.00277857398781074,0.00199127021471789,0.00398254042943578,0.0129432563956663,0.0418166745090757,0.185685947522443,0.464961595136627,0.234969885336711,0.0388297691869988,0.0120404872805132
04-May-2021,0.00184169098689405,0.00296936840606757,0.00395915787475676,0.00989789468689191,0.0356324208728109,0.149953104506412,0.448374629316204,0.282089998576419,0.0514690523718379,0.0138126824017053
05-May-2021,0.00183530867009132,0.00296975004117517,0.00296975004117517,0.010889083484309,0.0346470838137103,0.146012710357779,0.443482672815492,0.291035504035167,0.0514756673803697,0.0146824693607306
06-May-2021,0.00183278338897531,0.0029698186698517,0.00395975822646894,0.00989939556617234,0.0346478844816032,0.147995963714276,0.445472800477755,0.288072410975615,0.050486917387479,0.0146622671118025
07-May-2021,0.00186177076138544,0.00298707057158744,0.00398276076211658,0.00995690190529146,0.033853466477991,0.144872922721991,0.440095064213882,0.293728606206098,0.0537672702885739,0.0148941660910835
10-May-2021,0.00186134281278588,0.0029872800099702,0.0019915200066468,0.0109533600365574,0.029872800099702,0.12895092043038,0.422202241409122,0.321630481073458,0.0637286402126976,0.0158214139086799
11-May-2021,0.00184666321734504,0.00297113921200168,0.00198075947466779,0.0118845568480067,0.0316921515946846,0.136672403752077,0.434776704689579,0.306027338836173,0.0564516450280319,0.0156966373474328
12-May-2021,0.0018442343808129,0.0029728744995702,0.0009909581665234,0.0079276653321872,0.0227920378300382,0.0862133604875356,0.34683535828319,0.408274764607641,0.09909581665234,0.0230529297601612
13-May-2021,0.00276479134400393,0.000990399264351733,0.0029711977930552,0.00693279485046213,0.0247599816087933,0.0935927304812388,0.363476530017086,0.392198108683286,0.0911167323203594,0.0211967336373635
14-May-2021,0.0018611942409227,0.00199415090198295,0.00199415090198295,0.00797660360793181,0.018944433568838,0.0717894324713862,0.316072917964298,0.432730745730301,0.119649054118977,0.0269873164933792
17-May-2021,0.00186796674559502,0.00199381629319627,0.000996908146598134,0.00697835702618694,0.0159505303455701,0.0603129428691871,0.262186842555309,0.45957465558174,0.156514579015907,0.0336234014207104
18-May-2021,0.00185065745209974,0.00198206841895568,0.000991034209477839,0.00693723946634488,0.0168475815611233,0.061939638092365,0.265597168140061,0.45884883898824,0.152619268259587,0.0323865054117454
19-May-2021,0.00186333016768513,0.00198211667123353,0.00198211667123353,0.00693740834931735,0.0188301083767185,0.071356200164407,0.302272792363113,0.440029901013843,0.125864408623329,0.0288816175991195
20-May-2021,0.0018621217180621,0.00297213828294561,0.000990712760981871,0.00792570208785497,0.022786393502583,0.086192010205423,0.344768040821691,0.409164370285513,0.100061988859169,0.0232765214757762
21-May-2021,0.00186871148869308,0.0019930161606182,0.0019930161606182,0.00697555656216372,0.019930161606182,0.0742398519830283,0.309914012976131,0.434477523014768,0.120577477717401,0.0280306723303962
24-May-2021,0.00188539992908145,0.00199279856000222,0.000996399280001107,0.00797119424000886,0.0169387877600188,0.0672569514000748,0.281980996240313,0.450372474560501,0.139495899200155,0.0311090988298439
25-May-2021,0.00186505012098975,0.0019762239486878,0.0019762239486878,0.00592867184606341,0.0177860155381902,0.0671916142553856,0.2835881366367,0.450579060300819,0.138335676408146,0.0307733269963308
26-May-2021,0.00186231401443965,0.00197608933488633,0.00197608933488633,0.005928268004659,0.0187728486814201,0.0691631267210216,0.292461221563177,0.445608145016868,0.133386030104827,0.0288658672238146
27-May-2021,0.0018506797823029,0.00197635259365204,0.00197635259365204,0.00691723407778216,0.0187753496396944,0.0721368696682994,0.303370123125589,0.43973845208758,0.125498389696905,0.0277601967345435
28-May-2021,0.00186267937029808,0.00199334866918269,0.00199334866918269,0.00697672034213941,0.0189368123572355,0.0702655405886896,0.296012277373629,0.441526730223965,0.131561012166057,0.0288715302396203
01-Jun-2021,0.00184464159067858,0.00198215571782222,0.000991077858911107,0.00693754501237775,0.0178394014603999,0.0629334440408552,0.273537489059466,0.454904737240198,0.147670600977755,0.0313589070415358
02-Jun-2021,0.00186597129423411,0.00198274395012847,0.000991371975064233,0.00693960382544963,0.0158619516010277,0.0604736904789183,0.259739457466829,0.461979340379933,0.155645400085085,0.0345204689433309
03-Jun-2021,0.00184092271991539,0.00198330952008517,0.000991654760042587,0.00694158332029811,0.0178497856807666,0.0644575594027684,0.276671678051882,0.454177880099505,0.143789940206175,0.0312956862385617
04-Jun-2021,0.00185552486040921,0.00199444855710713,0.000997224278553565,0.00698056994987495,0.015955588456857,0.0613292931310441,0.261272760981034,0.45872316813464,0.15656421173291,0.0343272099175704
07-Jun-2021,0.00185108587143662,0.00199286325141065,0.00199286325141065,0.00597858975423196,0.0179357692626959,0.0677573505479622,0.287968739828839,0.447397799941692,0.137507564347335,0.029617373942986
08-Jun-2021,0.00185244544713179,0.00198120774211006,0.00198120774211006,0.00693422709738522,0.0198120774211006,0.0757811961357099,0.313030823253389,0.433884495522103,0.117881860655549,0.026860458983411
09-Jun-2021,0.00183677581004882,0.00198082169766729,0.00297123254650093,0.00693287594183551,0.0257506820696747,0.094584236063613,0.366452014068448,0.390221874440456,0.0881465655461943,0.0211229218155614
10-Jun-2021,0.00184543969800576,0.00198202206353595,0.00297303309530392,0.00693707722237582,0.0208112316671275,0.08324492666851,0.333970717705808,0.418206655406085,0.106038180399173,0.0239907160740749
11-Jun-2021,0.00184065033232814,0.000996577639768595,0.00398631055907438,0.00797262111814876,0.0219247080749091,0.0891936987592892,0.348802173919008,0.40461052174605,0.0976646086973223,0.0230081291541018
14-Jun-2021,0.000923854790287705,0.00398562440205215,0.000996406100513037,0.00896765490461733,0.0219209342112868,0.0901747520964297,0.353724165682128,0.401551658506754,0.0946585795487385,0.0230963697571926
15-Jun-2021,0.000920974393254287,0.00396367376964625,0.000990918442411562,0.00792734753929249,0.0227911241754659,0.0862099044898057,0.346821454844047,0.408258398273563,0.0990918442411562,0.0230243598313572
16-Jun-2021,0.00268185550406062,0.00099173099640595,0.0019834619928119,0.00892557896765355,0.0218180819209309,0.0902475206729413,0.356031427709736,0.400659322548004,0.0952061756549711,0.0214548440324849
17-Jun-2021,0.00269392066514802,0.000991620644322834,0.00198324128864567,0.0089245857989055,0.0228072748194252,0.0922207199220235,0.359958293889188,0.396648257729133,0.0922207199220235,0.0215513653211842
18-Jun-2021,0.00266826589023378,0.000997320090812974,0.00299196027243892,0.00797856072650379,0.0239356821795114,0.0972387088542648,0.368011113509987,0.387957515326247,0.0877641679915416,0.0204567051584589
21-Jun-2021,0.00177452706102817,0.00299246975373363,0.00099748991791121,0.00797991934328969,0.0229422681119578,0.0882778577351422,0.347126491433101,0.406975886507774,0.0987515018732099,0.0221815882628521
22-Jun-2021,0.00180471496276828,0.00198318207634027,0.00297477311451041,0.00694113726719096,0.0208234118015729,0.0852768292826317,0.338132544016017,0.415476644993287,0.103125467969694,0.0234612945159876
23-Jun-2021,0.00178249845267659,0.00198301022378868,0.00297451533568302,0.00594903067136604,0.0218131124616755,0.0798161615074941,0.330171202260816,0.421389672555095,0.110057067420272,0.0240637291111339
24-Jun-2021,0.00177469141910344,0.00297573678610397,0.000991912262034658,0.00793529809627727,0.0228139820267971,0.0872882790590497,0.3491531162362,0.405692115172175,0.0991912262034658,0.022183642738793
25-Jun-2021,0.00178633141416105,0.00199444143260011,0.00299166214890017,0.0069805450141004,0.0239332971912014,0.0922429162577554,0.358002237151721,0.396893845087423,0.0937387473322054,0.0214359769699326
28-Jun-2021,0.00180333931930647,0.0019937955298494,0.0019937955298494,0.00897207988432231,0.0239255463581928,0.0952037365503089,0.36486458196244,0.390783923850483,0.0897207988432231,0.0207384021720243
29-Jun-2021,0.00266426177478547,0.000988877045619991,0.00197775409123998,0.00889989341057992,0.0227441720492598,0.0919655652426591,0.361928998696917,0.396539695293616,0.0909766881970391,0.0213140941982838
30-Jun-2021,0.00268043178446682,0.0009887295987232,0.0019774591974464,0.0088985663885088,0.0227407807706336,0.0919518526812578,0.358908844336521,0.39845802828545,0.0919518526812576,0.0214434542757346
01-Jul-2021,0.00178190450163717,0.00197700433531385,0.00296550650297077,0.00790801734125538,0.0247125541914231,0.0978617145980354,0.371676815039003,0.384527343218543,0.0869881907538092,0.0196009495180089
02-Jul-2021,0.00179017573665445,0.00199493963539276,0.00299240945308913,0.0089772283592674,0.0239392756247131,0.100744451587334,0.375048651453838,0.379038530724624,0.0857824043218885,0.0196919331031989
06-Jul-2021,0.00180301658730831,0.00198131574961245,0.00297197362441868,0.00891592087325604,0.0257571047449619,0.105505063666863,0.387347229049235,0.36753407155311,0.0792526299844981,0.0189316741667372
07-Jul-2021,0.00180622604242475,0.00198206575032018,0.00396413150064035,0.00792826300128071,0.0287399533796426,0.11595084639373,0.406323478815637,0.346861506306031,0.0683812683860461,0.0180622604242475
08-Jul-2021,0.00182210855567603,0.0029705867305393,0.00198039115369287,0.00990195576846434,0.029705867305393,0.122289153740535,0.416872337852349,0.331715518243555,0.0663431036487111,0.0163989770010843
09-Jul-2021,0.00180868971835327,0.00299088035962589,0.00199392023975059,0.00996960119875295,0.0279148833565083,0.11664433402541,0.403768848549494,0.346942121716603,0.070784168511146,0.017182552324356
12-Jul-2021,0.00179751614045246,0.0019923319562094,0.00398466391241879,0.00796932782483759,0.0278926473869316,0.11455908748204,0.402451055154298,0.349654258314749,0.0717239504235383,0.0179751614045246
13-Jul-2021,0.00179696295168065,0.00198416464305027,0.00198416464305027,0.00694457625067596,0.0188495641089776,0.0734140917928602,0.307545519672793,0.438500386114111,0.122026125547592,0.0269544442752098
14-Jul-2021,0.00180112691400523,0.00198320164725378,0.00198320164725378,0.00694120576538825,0.0188404156489109,0.0708994588893226,0.302438251206202,0.441262366513967,0.125933304600615,0.027917467167081
15-Jul-2021,0.00180623616893554,0.0019838615348254,0.00198386153482539,0.00694351537188889,0.0188466845808413,0.0724109460211273,0.304522745595698,0.438433399196412,0.125975207461413,0.0270935425340331
16-Jul-2021,0.00182128429478079,0.00199439731848312,0.00199439731848311,0.00797758927393246,0.0189467745255896,0.0762856974319793,0.314117577661091,0.431787019451594,0.118666640449745,0.0264086222743214
19-Jul-2021,0.00182020221691672,0.00199301307787371,0.00298951961681056,0.00896855885043167,0.0249126634734213,0.104134933318901,0.383655017490688,0.371696939023446,0.0807170296538851,0.0191121232776255
20-Jul-2021,0.00181436191900032,0.00198205432779655,0.00297308149169483,0.00891924447508448,0.0267577334252534,0.107030933701014,0.39046470257592,0.364697996314566,0.0763090916201672,0.0190508001495034
21-Jul-2021,0.00270815592489492,0.00099089732655259,0.00297269197965777,0.00693628128586813,0.0247724331638147,0.0936397973592199,0.362668421518248,0.393386238641378,0.0911625540428383,0.0207625287575277
22-Jul-2021,0.00181304650795294,0.00198041928804577,0.00297062893206866,0.0069314675081602,0.0247552411005722,0.0950601258261969,0.365387358644445,0.39113280938904,0.0891188679620597,0.0208500348414588
23-Jul-2021,0.00182761962516819,0.00199334547191999,0.00299001820787998,0.00697670915171995,0.0239201456630398,0.0921922280762993,0.356808839473678,0.396675748912077,0.0946839099161993,0.0219314355020182
26-Jul-2021,0.000909253096199369,0.00299091840400947,0.00299091840400946,0.00598183680801893,0.0219334016294027,0.0802563105075873,0.327007078838368,0.422716467766671,0.11066398094835,0.0245498335973829
27-Jul-2021,0.000911066668654078,0.00297300458463692,0.00198200305642461,0.00693701069748614,0.0198200305642461,0.0738296138518166,0.311174479858664,0.435049670885202,0.120902186441901,0.0264209333909682
28-Jul-2021,0.000905508836614297,0.0029750297703412,0.00198335318022746,0.00694173613079613,0.0198335318022746,0.0733840676684163,0.309403096115484,0.436337699650042,0.121976220583989,0.0262597562618146
29-Jul-2021,0.000911009812903434,0.00297252178517144,0.00297252178517144,0.00594504357034288,0.0217984930912572,0.0797626679021004,0.327968236963916,0.422098093494344,0.1109741466464,0.0245972649483927
30-Jul-2021,0.00183276920719873,0.00199337274543243,0.00299005911814865,0.00697680460901351,0.0239204729451892,0.09219348947625,0.354820348686973,0.398674549086486,0.0936885190353243,0.0229096150899841
02-Aug-2021,0.00184225171044864,0.00199249690652385,0.00298874535978577,0.00896623607935732,0.02590245978481,0.106100460272395,0.387540648318889,0.36761567925365,0.0777073793544301,0.0193436429597107
03-Aug-2021,0.00182561434427533,0.00198063313231525,0.00297094969847288,0.00891284909541864,0.0267385472862559,0.107449347428102,0.393155676764578,0.361465546647534,0.0772446921602949,0.0182561434427533
04-Aug-2021,0.001835355458728,0.00297190535661623,0.00198127023774415,0.00990635118872077,0.0287284184472902,0.119866849383521,0.413094844569656,0.337806575535378,0.0663725529644291,0.017435876857916
05-Aug-2021,0.00181125284573161,0.00297065923818302,0.00297065923818302,0.00990219746061007,0.0336674713660743,0.13714543482945,0.436686908012904,0.303997462040729,0.0554523057794164,0.0153956491887187
06-Aug-2021,0.00182946526214283,0.00298795386118698,0.00398393848158264,0.0099598462039566,0.0338634770934525,0.144915762267569,0.441221186835278,0.292819478396324,0.0537831695013657,0.0146357220971426
09-Aug-2021,0.0018273664884438,0.00298751208112921,0.00398334944150561,0.0109542109641404,0.0358501449735505,0.15784022161966,0.45111432425051,0.272859436743134,0.0497918680188201,0.0127915654191066
10-Aug-2021,0.00179690802945354,0.00297228950977317,0.00297228950977317,0.0108983948691683,0.0326951846075048,0.141679133299188,0.439898847446429,0.297228950977317,0.0554827375157658,0.0143752642356283
11-Aug-2021,0.00181446675185567,0.00297206421126221,0.00297206421126221,0.00990688070420737,0.0326927063238843,0.137705641788482,0.435902750985124,0.304141237619166,0.056469220013982,0.0154229673907732
12-Aug-2021,0.00180756174137283,0.00297024351492709,0.00396032468656946,0.00990081171642364,0.0346528410074827,0.15098737867546,0.447516689582349,0.283163215089716,0.0514842209254029,0.0135567130602962
13-Aug-2021,0.00181087050151317,0.00298969919252167,0.0039862655900289,0.0109622303725795,0.0348798239127529,0.153471225216113,0.447458312480744,0.28003515769953,0.0508248862728684,0.0135815287613488
16-Aug-2021,0.00183400479677927,0.00298759016457474,0.00398345355276632,0.0109544972701074,0.0358510819748969,0.158840210416557,0.451126114850785,0.272866568364493,0.0478014426331958,0.0137550359758446
17-Aug-2021,0.00181917207144022,0.00297143975068237,0.00396191966757649,0.00990479916894123,0.0366477569250826,0.152533907201695,0.450668362186826,0.278324856647249,0.0495239958447062,0.0136437905358016
18-Aug-2021,0.00180845700098603,0.00396228617904072,0.00198114308952036,0.0128774300818823,0.0366511471561267,0.16344430488543,0.456653482134443,0.264482602450968,0.0445757195142081,0.0135634275073952
19-Aug-2021,0.00271378823064878,0.0019809577141103,0.00495239428527574,0.0118857462846618,0.0445715485674817,0.193143377125754,0.468496499387085,0.223848221694464,0.0366477177110405,0.011759748999478
20-Aug-2021,0.00273168545905747,0.00298714715438547,0.00398286287251396,0.0149357357719274,0.048790070188296,0.217563884411075,0.469977818956648,0.195160280753184,0.0338543344163687,0.0100161800165441
23-Aug-2021,0.00272250302415748,0.00199169608254258,0.00497924020635645,0.0129460245365268,0.044813161857208,0.198671684233622,0.469044427438778,0.217094872997141,0.0368463775270377,0.0108900120966299
24-Aug-2021,0.00270738392161067,0.00198202236115584,0.00396404472231169,0.012883145347513,0.0396404472231169,0.179868529274893,0.464784243691045,0.240815716880435,0.0416224695842727,0.0117319969936462
25-Aug-2021,0.00181970946223643,0.00396190128599996,0.00198095064299998,0.0128761791794999,0.0366475868954996,0.161447477404498,0.456609123211496,0.265447386161997,0.0455618647889996,0.0136478209667732
26-Aug-2021,0.00273884717535655,0.00199186619323483,0.00398373238646965,0.011951197159409,0.0398373238646965,0.171798459166504,0.45812922444401,0.252967006540823,0.0438210562511662,0.0127812868183305
27-Aug-2021,0.00183201989877305,0.00398352182442258,0.00199176091221129,0.0119505654732677,0.0358516964198032,0.153863530468322,0.44814620524754,0.277850647253475,0.0507899032613878,0.0137401492407979
30-Aug-2021,0.00184754596570499,0.00398327933694645,0.000995819834236612,0.0119498380108394,0.0348536941982814,0.1468834255499,0.443139826235293,0.289783571762854,0.0517826313803039,0.0147803677256399
31-Aug-2021,0.00180561084606905,0.00395012069431442,0.00197506034715721,0.0118503620829433,0.0365386164224084,0.158992357946155,0.454263879846158,0.269595737386959,0.0483889785053516,0.0126392759224833
01-Sep-2021,0.00183334863307652,0.00296065123795143,0.00394753498393524,0.00986883745983809,0.0365146986014009,0.152473538754498,0.450018988168617,0.279288100113418,0.0493441872991905,0.0137501147480739
02-Sep-2021,0.00181753656501273,0.0029625404389089,0.0039500539185452,0.0108626482759993,0.0345629717872705,0.155039616302899,0.452281173673426,0.276503774298164,0.0483881605021787,0.0136315242375954
03-Sep-2021,0.00183200963871718,0.00398150826317858,0.00199075413158929,0.0119445247895357,0.0348381973028126,0.153288068132375,0.44791967960759,0.279700955488295,0.0507642303555269,0.0137400722903789
07-Sep-2021,0.00181220580109229,0.00297311399302682,0.00396415199070243,0.0109014179744317,0.0356773679163219,0.156088484633908,0.450922288942401,0.276499601351494,0.0475698238884291,0.0135915435081921
08-Sep-2021,0.00180434206792312,0.00297059160962866,0.00396078881283822,0.00990197203209554,0.0346569021123344,0.148034481879828,0.445588741444299,0.28814738613398,0.0505000573636873,0.014434736543385
09-Sep-2021,0.00180985295572877,0.00297044184216942,0.00297044184216942,0.0108916200879546,0.0346551548253099,0.147036871187386,0.443585981763968,0.29011315325188,0.0514876585976034,0.0144788236458301
10-Sep-2021,0.00182729074765962,0.00298977912139118,0.00298977912139118,0.010962523445101,0.0318909772948392,0.136533246543531,0.433517972601721,0.305954063422364,0.0578023963468961,0.0155319713551068
13-Sep-2021,0.00183032111078923,0.00298666246032675,0.00298666246032675,0.00995554153442251,0.0308621787567098,0.134399810714704,0.431074948440495,0.310612895873982,0.0597332492065351,0.0155577294417085
14-Sep-2021,0.00181648228819705,0.00297001478295724,0.00396001971060965,0.0108900542041765,0.0356401773954869,0.155925776105255,0.452432251937153,0.274231364959718,0.0485102414549683,0.0136236171614779
15-Sep-2021,0.00181303379220732,0.0029706080976545,0.0029706080976545,0.00990202699218167,0.0316864863749813,0.13516266844328,0.433708782257557,0.30795303945685,0.0584219592538718,0.0154107872337622
16-Sep-2021,0.00181985618011608,0.00297166554193038,0.00297166554193038,0.0108961069870781,0.0336788761418776,0.144621056373945,0.442778165747626,0.292213778289821,0.0534899797547468,0.0145588494409286
17-Sep-2021,0.00182353689605474,0.00298811595322179,0.00398415460429573,0.00896434785966539,0.0358573914386615,0.142931546429109,0.441245122425752,0.292835363415736,0.0547821258090662,0.0145882951684379
20-Sep-2021,0.00182700639293327,0.00298752081512845,0.00398336108683793,0.0109542429888043,0.0358502497815414,0.155849002522534,0.451115643084396,0.274851914991817,0.0497920135854742,0.0127890447505329
21-Sep-2021,0.00182874009933765,0.0029739539613842,0.00396527194851227,0.0109044978584087,0.0356874475366104,0.158610877940491,0.450058366156143,0.273603764447347,0.0495658993564034,0.0128011806953635
22-Sep-2021,0.00270334519116767,0.00198025348198435,0.00396050696396869,0.0108913941509139,0.0405951963806791,0.169806736080158,0.460408934561361,0.253472445693996,0.0435655766036556,0.0126156108921158
23-Sep-2021,0.00179763911110922,0.00396228698336131,0.00198114349168065,0.0128774326959243,0.0376417263419325,0.167406625047016,0.458634718324072,0.257548653918485,0.0455663003086551,0.0125834737777645
24-Sep-2021,0.00179948797186463,0.00398425102061681,0.0019921255103084,0.0139448785721588,0.0378503846958597,0.168832636998637,0.459184930126087,0.254992065319476,0.0448228239819391,0.0125964158030524
27-Sep-2021,0.00178781649233235,0.00298727065666888,0.00398302754222518,0.0109533257411192,0.0368430047655829,0.160316858574563,0.45406513981367,0.268854359100199,0.0468005736211458,0.0134086236924926
28-Sep-2021,0.00177877917351188,0.00396130870598351,0.00198065435299175,0.0118839261179505,0.0366421055303474,0.158947511827588,0.455550501188103,0.268378664830383,0.0475357044718021,0.0133408438013391
29-Sep-2021,0.00178844483923463,0.00297044432331328,0.00396059243108437,0.010891629185482,0.0366354799875304,0.157928623189489,0.453487833359161,0.271300581529279,0.0485172572807835,0.0125191138746424
30-Sep-2021,0.00178351974298616,0.0029720558051943,0.0039627410735924,0.0108975379523791,0.0366553549307297,0.158509642943696,0.453733852926331,0.270457078272682,0.048543578151507,0.0124846382009031
01-Oct-2021,0.00180338658003767,0.00298838001235108,0.00398450668313477,0.00996126670783692,0.0358605601482129,0.150913190623729,0.44526862184031,0.283896101173352,0.051798586880752,0.0135253993502825
04-Oct-2021,0.00179277189285846,0.00298956554359639,0.00199304369573093,0.0109617403265201,0.0298956554359639,0.127056535602847,0.418539176103495,0.328852209795603,0.0617843545676588,0.0161349470357261
05-Oct-2021,0.00177162148271218,0.00197584315101293,0.00296376472651939,0.00889129417955818,0.0266738825386745,0.107189490942452,0.394180708627079,0.361579296635366,0.0770578828895042,0.0177162148271218
06-Oct-2021,0.00176382818268784,0.00197701187498071,0.00395402374996143,0.00889655343741321,0.02767816624973,0.116643700623862,0.409241458121008,0.344000066246644,0.0682069096868346,0.0176382818268784
07-Oct-2021,0.00175093744066028,0.00197852442086301,0.00296778663129452,0.00890335989388355,0.0247315552607876,0.104367163200524,0.386801524278719,0.369984066701383,0.080130239044952,0.018384843126933
08-Oct-2021,0.00175750556607142,0.00199370658494326,0.00398741316988653,0.00697797304730143,0.0279118921892057,0.105666449001993,0.385782224186522,0.368835718214504,0.0777545568127873,0.0193325612267856
12-Oct-2021,0.00173582451148553,0.00198413395311484,0.00396826790622968,0.00694446883590194,0.0257937413904929,0.102182898585414,0.382937852951164,0.375001317138705,0.080357425101151,0.0190940696263408
13-Oct-2021,0.00172953221906174,0.00297759547269106,0.000992531824230352,0.00794025459384282,0.0218357001330678,0.0853577368838104,0.341430947535241,0.412893238879826,0.103223309719957,0.0216191527382717
14-Oct-2021,0.00174112532529166,0.0019842314153349,0.00297634712300235,0.00595269424600471,0.0218265455686839,0.0798653144672296,0.330374530653261,0.421649175758667,0.110124843551087,0.0235051918914374
15-Oct-2021,0.00172424372793838,0.0019974842939291,0.0019974842939291,0.00798993717571641,0.0189761007923265,0.0754050320958236,0.312606291999905,0.433454091782615,0.120847799782711,0.0250015340551066
18-Oct-2021,0.00171661333658794,0.00199641557367045,0.00199641557367045,0.00698745450784659,0.0209623635235398,0.0778602073731476,0.319426491787273,0.429229348339147,0.115792103272886,0.0240325867122311
19-Oct-2021,0.0017190471082905,0.00198569728691649,0.00198569728691649,0.00694994050420773,0.0188641242257067,0.0719815266507228,0.304804533541681,0.439831949052003,0.126091777719197,0.0257857066243575
20-Oct-2021,0.00173503549991682,0.00198799754681404,0.000993998773407018,0.00695799141384913,0.0159039803745123,0.060633925177828,0.261421677406046,0.462209429634264,0.156057807424902,0.0320981567484612
21-Oct-2021,0.00168364382598707,0.00099582196052563,0.00199164392105126,0.00597493176315378,0.0149373294078845,0.0527785639078582,0.232026516802472,0.470027965368098,0.184227062697242,0.0353565203457285
22-Oct-2021,0.00166843478272405,0.00100204083018085,0.00200408166036171,0.00601224498108511,0.0150306124527128,0.0516051027543138,0.224457145960511,0.46995714935482,0.192391839394724,0.0358713478285671
25-Oct-2021,0.00168216321410675,0.00100203548080265,0.0020040709616053,0.00501017740401324,0.0140284967312371,0.0490997385593296,0.209425415487753,0.470956675977244,0.206419309045345,0.0403719171385621
